,state_id,job_id,w_xray_id,field,r_free_0,ff,pdb,r_free_1
0,0.0,0.0,0.0,0.454785158818326,0.454785158818326,1752.329895695045,/wynton/group/sali/mhancock/xray/sample_bench/out/7mhf/184_w_xray_bench/N0_J0_W0/output_4/pdbs/17.pdb,
1,0.0,0.0,1.0,0.4347835845675816,0.4347835845675816,1753.4429995874752,/wynton/group/sali/mhancock/xray/sample_bench/out/7mhf/184_w_xray_bench/N0_J0_W1/output_3/pdbs/53.pdb,
2,0.0,0.0,2.0,0.3750316992556445,0.3750316992556445,1628.9165543349588,/wynton/group/sali/mhancock/xray/sample_bench/out/7mhf/184_w_xray_bench/N0_J0_W2/output_3/pdbs/277.pdb,
3,0.0,0.0,3.0,0.3296658737147832,0.3296658737147832,1680.8559794497894,/wynton/group/sali/mhancock/xray/sample_bench/out/7mhf/184_w_xray_bench/N0_J0_W3/output_0/pdbs/297.pdb,
4,0.0,0.0,4.0,0.3322201642822138,0.3322201642822138,2693.212401186067,/wynton/group/sali/mhancock/xray/sample_bench/out/7mhf/184_w_xray_bench/N0_J0_W4/output_3/pdbs/221.pdb,
5,0.0,0.0,5.0,0.3227100783205138,0.3227100783205138,20419.012834870955,/wynton/group/sali/mhancock/xray/sample_bench/out/7mhf/184_w_xray_bench/N0_J0_W5/output_3/pdbs/186.pdb,
6,0.0,0.0,6.0,0.3392685343998723,0.3392685343998723,182741.00292157693,/wynton/group/sali/mhancock/xray/sample_bench/out/7mhf/184_w_xray_bench/N0_J0_W6/output_4/pdbs/42.pdb,
7,0.0,0.0,7.0,0.3546116825026145,0.3546116825026145,285545.61795726145,/wynton/group/sali/mhancock/xray/sample_bench/out/7mhf/184_w_xray_bench/N0_J0_W7/output_4/pdbs/45.pdb,
8,0.0,0.0,8.0,0.3594754835985703,0.3594754835985703,352362.21460688463,/wynton/group/sali/mhancock/xray/sample_bench/out/7mhf/184_w_xray_bench/N0_J0_W8/output_3/pdbs/26.pdb,
9,0.0,0.0,9.0,0.3613641389906354,0.3613641389906354,426066.86751416617,/wynton/group/sali/mhancock/xray/sample_bench/out/7mhf/184_w_xray_bench/N0_J0_W9/output_2/pdbs/43.pdb,
10,0.0,0.0,10.0,0.361161368172429,0.361161368172429,528807.0339808107,/wynton/group/sali/mhancock/xray/sample_bench/out/7mhf/184_w_xray_bench/N0_J0_W10/output_2/pdbs/71.pdb,
11,0.0,1.0,0.0,0.4319743189695474,0.4319743189695474,1782.203612392208,/wynton/group/sali/mhancock/xray/sample_bench/out/7mhf/184_w_xray_bench/N0_J1_W0/output_3/pdbs/117.pdb,0.4551275205662408
12,0.0,1.0,1.0,0.3691664115893601,0.3691664115893601,1564.0510626671849,/wynton/group/sali/mhancock/xray/sample_bench/out/7mhf/184_w_xray_bench/N0_J1_W1/output_2/pdbs/87.pdb,0.3831145519827236
13,0.0,1.0,2.0,0.3171227074716188,0.3171227074716188,1637.784632276351,/wynton/group/sali/mhancock/xray/sample_bench/out/7mhf/184_w_xray_bench/N0_J1_W2/output_3/pdbs/202.pdb,0.3251321366192041
14,0.0,1.0,3.0,0.31160317269497,0.31160317269497,2644.7733263007667,/wynton/group/sali/mhancock/xray/sample_bench/out/7mhf/184_w_xray_bench/N0_J1_W3/output_2/pdbs/153.pdb,0.3229294730824207
15,0.0,1.0,4.0,0.302070816879842,0.302070816879842,9525.932679792675,/wynton/group/sali/mhancock/xray/sample_bench/out/7mhf/184_w_xray_bench/N0_J1_W4/output_1/pdbs/164.pdb,0.3035476449426352
16,0.0,1.0,5.0,0.2855730760069488,0.2855730760069488,135912.65391980024,/wynton/group/sali/mhancock/xray/sample_bench/out/7mhf/184_w_xray_bench/N0_J1_W5/output_3/pdbs/200.pdb,0.3180975144256184
17,0.0,1.0,6.0,0.2864811914450368,0.2864811914450368,331393.474730732,/wynton/group/sali/mhancock/xray/sample_bench/out/7mhf/184_w_xray_bench/N0_J1_W6/output_1/pdbs/37.pdb,0.3545134121049135
18,0.0,1.0,7.0,0.282511577124842,0.282511577124842,496719.7739712737,/wynton/group/sali/mhancock/xray/sample_bench/out/7mhf/184_w_xray_bench/N0_J1_W7/output_1/pdbs/66.pdb,0.3658544763329325
19,0.0,1.0,8.0,0.2809892505562638,0.2809892505562638,990896.3014321134,/wynton/group/sali/mhancock/xray/sample_bench/out/7mhf/184_w_xray_bench/N0_J1_W8/output_1/pdbs/150.pdb,0.3763506735639667
20,0.0,1.0,9.0,0.2773699501373586,0.2773699501373586,709715.3913104063,/wynton/group/sali/mhancock/xray/sample_bench/out/7mhf/184_w_xray_bench/N0_J1_W9/output_3/pdbs/220.pdb,0.377765857045916
21,0.0,1.0,10.0,0.2783910275148964,0.2783910275148964,860194.8037227903,/wynton/group/sali/mhancock/xray/sample_bench/out/7mhf/184_w_xray_bench/N0_J1_W10/output_4/pdbs/145.pdb,0.3730209186848306
22,0.0,2.0,0.0,0.4768620886870717,0.4768620886870717,1867.04152486411,/wynton/group/sali/mhancock/xray/sample_bench/out/7mhf/184_w_xray_bench/N0_J2_W0/output_4/pdbs/15.pdb,
23,0.0,2.0,1.0,0.4394164101478632,0.4394164101478632,1851.550080567939,/wynton/group/sali/mhancock/xray/sample_bench/out/7mhf/184_w_xray_bench/N0_J2_W1/output_3/pdbs/65.pdb,
24,0.0,2.0,2.0,0.336182907420445,0.336182907420445,1667.1324748640282,/wynton/group/sali/mhancock/xray/sample_bench/out/7mhf/184_w_xray_bench/N0_J2_W2/output_2/pdbs/154.pdb,
25,0.0,2.0,3.0,0.2544364741687314,0.2544364741687314,1700.0898318095828,/wynton/group/sali/mhancock/xray/sample_bench/out/7mhf/184_w_xray_bench/N0_J2_W3/output_2/pdbs/290.pdb,
26,0.0,2.0,4.0,0.2387854562618721,0.2387854562618721,3149.8868238666664,/wynton/group/sali/mhancock/xray/sample_bench/out/7mhf/184_w_xray_bench/N0_J2_W4/output_1/pdbs/299.pdb,
27,0.0,2.0,5.0,0.2485821388854693,0.2485821388854693,15707.441975738508,/wynton/group/sali/mhancock/xray/sample_bench/out/7mhf/184_w_xray_bench/N0_J2_W5/output_4/pdbs/290.pdb,
28,0.0,2.0,6.0,0.259924895218654,0.259924895218654,71960.5836975849,/wynton/group/sali/mhancock/xray/sample_bench/out/7mhf/184_w_xray_bench/N0_J2_W6/output_3/pdbs/66.pdb,
29,0.0,2.0,7.0,0.2865148513034305,0.2865148513034305,190725.0631323328,/wynton/group/sali/mhancock/xray/sample_bench/out/7mhf/184_w_xray_bench/N0_J2_W7/output_1/pdbs/45.pdb,
30,0.0,2.0,8.0,0.3048566658363882,0.3048566658363882,309897.0569152071,/wynton/group/sali/mhancock/xray/sample_bench/out/7mhf/184_w_xray_bench/N0_J2_W8/output_3/pdbs/41.pdb,
31,0.0,2.0,9.0,0.3043913176235298,0.3043913176235298,406835.68365818384,/wynton/group/sali/mhancock/xray/sample_bench/out/7mhf/184_w_xray_bench/N0_J2_W9/output_3/pdbs/43.pdb,
32,0.0,2.0,10.0,0.3025328432291779,0.3025328432291779,497899.55527910026,/wynton/group/sali/mhancock/xray/sample_bench/out/7mhf/184_w_xray_bench/N0_J2_W10/output_2/pdbs/67.pdb,
33,0.0,3.0,0.0,0.4517741563164802,0.4517741563164802,1850.9883014977931,/wynton/group/sali/mhancock/xray/sample_bench/out/7mhf/184_w_xray_bench/N0_J3_W0/output_0/pdbs/116.pdb,0.4592845375616592
34,0.0,3.0,1.0,0.4077120513956518,0.4077120513956518,1605.468074658556,/wynton/group/sali/mhancock/xray/sample_bench/out/7mhf/184_w_xray_bench/N0_J3_W1/output_2/pdbs/200.pdb,0.4062305567533176
35,0.0,3.0,2.0,0.3543607071613225,0.3543607071613225,1608.0993367507358,/wynton/group/sali/mhancock/xray/sample_bench/out/7mhf/184_w_xray_bench/N0_J3_W2/output_1/pdbs/283.pdb,0.3790896304405456
36,0.0,3.0,3.0,0.3373977596291356,0.3373977596291356,1927.334659605934,/wynton/group/sali/mhancock/xray/sample_bench/out/7mhf/184_w_xray_bench/N0_J3_W3/output_0/pdbs/178.pdb,0.3691757146790607
37,0.0,3.0,4.0,0.3413728110366634,0.3413728110366634,3840.5900503406647,/wynton/group/sali/mhancock/xray/sample_bench/out/7mhf/184_w_xray_bench/N0_J3_W4/output_4/pdbs/200.pdb,0.3651657845934463
38,0.0,3.0,5.0,0.4073963396676676,0.4073963396676676,26695.27169694968,/wynton/group/sali/mhancock/xray/sample_bench/out/7mhf/184_w_xray_bench/N0_J3_W5/output_2/pdbs/10.pdb,0.3545877667491077
39,0.0,3.0,6.0,0.4325409817898843,0.4325409817898843,181601.1188461373,/wynton/group/sali/mhancock/xray/sample_bench/out/7mhf/184_w_xray_bench/N0_J3_W6/output_3/pdbs/15.pdb,0.3351646268145091
40,0.0,3.0,7.0,0.4348858327292608,0.4348858327292608,338751.1227252945,/wynton/group/sali/mhancock/xray/sample_bench/out/7mhf/184_w_xray_bench/N0_J3_W7/output_1/pdbs/27.pdb,0.336786198734558
41,0.0,3.0,8.0,0.4378303975269473,0.4378303975269473,386166.25830510695,/wynton/group/sali/mhancock/xray/sample_bench/out/7mhf/184_w_xray_bench/N0_J3_W8/output_3/pdbs/36.pdb,0.338889599979757
42,0.0,3.0,9.0,0.4388143039633145,0.4388143039633145,2524704.7221226697,/wynton/group/sali/mhancock/xray/sample_bench/out/7mhf/184_w_xray_bench/N0_J3_W9/output_2/pdbs/29.pdb,0.349253700510988
43,0.0,3.0,10.0,0.439382184172829,0.439382184172829,48592787.86537455,/wynton/group/sali/mhancock/xray/sample_bench/out/7mhf/184_w_xray_bench/N0_J3_W10/output_4/pdbs/59.pdb,0.3381339053644603
44,0.0,4.0,0.0,0.4704761780651851,0.4704761780651851,1871.5107830652776,/wynton/group/sali/mhancock/xray/sample_bench/out/7mhf/184_w_xray_bench/N0_J4_W0/output_1/pdbs/12.pdb,
45,0.0,4.0,1.0,0.4385444188790249,0.4385444188790249,1769.8248629741383,/wynton/group/sali/mhancock/xray/sample_bench/out/7mhf/184_w_xray_bench/N0_J4_W1/output_1/pdbs/32.pdb,
46,0.0,4.0,2.0,0.3689436991842185,0.3689436991842185,1590.1259425849498,/wynton/group/sali/mhancock/xray/sample_bench/out/7mhf/184_w_xray_bench/N0_J4_W2/output_2/pdbs/278.pdb,
47,0.0,4.0,3.0,0.3172926857350809,0.3172926857350809,1631.1230297777631,/wynton/group/sali/mhancock/xray/sample_bench/out/7mhf/184_w_xray_bench/N0_J4_W3/output_4/pdbs/256.pdb,
48,0.0,4.0,4.0,0.3172655399350628,0.3172655399350628,2630.972445039251,/wynton/group/sali/mhancock/xray/sample_bench/out/7mhf/184_w_xray_bench/N0_J4_W4/output_2/pdbs/243.pdb,
49,0.0,4.0,5.0,0.3148922817275016,0.3148922817275016,18215.024590482823,/wynton/group/sali/mhancock/xray/sample_bench/out/7mhf/184_w_xray_bench/N0_J4_W5/output_2/pdbs/66.pdb,
50,0.0,4.0,6.0,0.3317120335425863,0.3317120335425863,151258.73772980983,/wynton/group/sali/mhancock/xray/sample_bench/out/7mhf/184_w_xray_bench/N0_J4_W6/output_4/pdbs/25.pdb,
51,0.0,4.0,7.0,0.3436480893393417,0.3436480893393417,272392.4880239036,/wynton/group/sali/mhancock/xray/sample_bench/out/7mhf/184_w_xray_bench/N0_J4_W7/output_1/pdbs/35.pdb,
52,0.0,4.0,8.0,0.3488177384665363,0.3488177384665363,379161.0071525425,/wynton/group/sali/mhancock/xray/sample_bench/out/7mhf/184_w_xray_bench/N0_J4_W8/output_0/pdbs/41.pdb,
53,0.0,4.0,9.0,0.3539586714100536,0.3539586714100536,499740.1732571895,/wynton/group/sali/mhancock/xray/sample_bench/out/7mhf/184_w_xray_bench/N0_J4_W9/output_2/pdbs/79.pdb,
54,0.0,4.0,10.0,0.3476265447459828,0.3476265447459828,571919.4858196996,/wynton/group/sali/mhancock/xray/sample_bench/out/7mhf/184_w_xray_bench/N0_J4_W10/output_3/pdbs/61.pdb,
55,0.0,5.0,0.0,0.4381697438745518,0.4381697438745518,1830.2441364830984,/wynton/group/sali/mhancock/xray/sample_bench/out/7mhf/184_w_xray_bench/N0_J5_W0/output_0/pdbs/79.pdb,0.4456046198501233
56,0.0,5.0,1.0,0.3668626968668313,0.3668626968668313,1639.5421286313103,/wynton/group/sali/mhancock/xray/sample_bench/out/7mhf/184_w_xray_bench/N0_J5_W1/output_1/pdbs/176.pdb,0.3584256686866779
57,0.0,5.0,2.0,0.309838023027181,0.309838023027181,1652.538481231967,/wynton/group/sali/mhancock/xray/sample_bench/out/7mhf/184_w_xray_bench/N0_J5_W2/output_4/pdbs/200.pdb,0.3058170359272592
58,0.0,5.0,3.0,0.3035948040205959,0.3035948040205959,2681.222541179593,/wynton/group/sali/mhancock/xray/sample_bench/out/7mhf/184_w_xray_bench/N0_J5_W3/output_1/pdbs/123.pdb,0.2980507948348461
59,0.0,5.0,4.0,0.3052107929514177,0.3052107929514177,9348.921538457702,/wynton/group/sali/mhancock/xray/sample_bench/out/7mhf/184_w_xray_bench/N0_J5_W4/output_2/pdbs/160.pdb,0.3018105988785315
60,0.0,5.0,5.0,0.2915420584609657,0.2915420584609657,109763.44522832046,/wynton/group/sali/mhancock/xray/sample_bench/out/7mhf/184_w_xray_bench/N0_J5_W5/output_2/pdbs/54.pdb,0.2993153493803834
61,0.0,5.0,6.0,0.283354511569332,0.283354511569332,296637.7750656684,/wynton/group/sali/mhancock/xray/sample_bench/out/7mhf/184_w_xray_bench/N0_J5_W6/output_1/pdbs/33.pdb,0.3411619111359067
62,0.0,5.0,7.0,0.2769807914183335,0.2769807914183335,452797.6767241879,/wynton/group/sali/mhancock/xray/sample_bench/out/7mhf/184_w_xray_bench/N0_J5_W7/output_3/pdbs/62.pdb,0.351836930265043
63,0.0,5.0,8.0,0.2775611597356414,0.2775611597356414,625949.8684828003,/wynton/group/sali/mhancock/xray/sample_bench/out/7mhf/184_w_xray_bench/N0_J5_W8/output_3/pdbs/159.pdb,0.358263103118574
64,0.0,5.0,9.0,0.2768214796768197,0.2768214796768197,594760.9268554263,/wynton/group/sali/mhancock/xray/sample_bench/out/7mhf/184_w_xray_bench/N0_J5_W9/output_4/pdbs/59.pdb,0.3664286799991089
65,0.0,5.0,10.0,0.2716077123791039,0.2716077123791039,5307757.582303856,/wynton/group/sali/mhancock/xray/sample_bench/out/7mhf/184_w_xray_bench/N0_J5_W10/output_2/pdbs/158.pdb,0.3572392014756655
66,0.0,6.0,0.0,0.4696202990055747,0.4696202990055747,1958.58751197688,/wynton/group/sali/mhancock/xray/sample_bench/out/7mhf/184_w_xray_bench/N0_J6_W0/output_4/pdbs/25.pdb,
67,0.0,6.0,1.0,0.4434293465784167,0.4434293465784167,1792.9839814649447,/wynton/group/sali/mhancock/xray/sample_bench/out/7mhf/184_w_xray_bench/N0_J6_W1/output_3/pdbs/57.pdb,
68,0.0,6.0,2.0,0.3708451508725501,0.3708451508725501,1617.0118523725132,/wynton/group/sali/mhancock/xray/sample_bench/out/7mhf/184_w_xray_bench/N0_J6_W2/output_0/pdbs/183.pdb,
69,0.0,6.0,3.0,0.302417799723523,0.302417799723523,1660.7841506523214,/wynton/group/sali/mhancock/xray/sample_bench/out/7mhf/184_w_xray_bench/N0_J6_W3/output_3/pdbs/280.pdb,
70,0.0,6.0,4.0,0.3001607197072572,0.3001607197072572,2839.634457827183,/wynton/group/sali/mhancock/xray/sample_bench/out/7mhf/184_w_xray_bench/N0_J6_W4/output_4/pdbs/262.pdb,
71,0.0,6.0,5.0,0.3028313871798114,0.3028313871798114,18845.702169051063,/wynton/group/sali/mhancock/xray/sample_bench/out/7mhf/184_w_xray_bench/N0_J6_W5/output_4/pdbs/72.pdb,
72,0.0,6.0,6.0,0.3397950348407975,0.3397950348407975,163934.35711635146,/wynton/group/sali/mhancock/xray/sample_bench/out/7mhf/184_w_xray_bench/N0_J6_W6/output_3/pdbs/50.pdb,
73,0.0,6.0,7.0,0.3582555182673455,0.3582555182673455,291641.6368586647,/wynton/group/sali/mhancock/xray/sample_bench/out/7mhf/184_w_xray_bench/N0_J6_W7/output_4/pdbs/38.pdb,
74,0.0,6.0,8.0,0.3556278952922351,0.3556278952922351,377705.15147145686,/wynton/group/sali/mhancock/xray/sample_bench/out/7mhf/184_w_xray_bench/N0_J6_W8/output_1/pdbs/37.pdb,
75,0.0,6.0,9.0,0.3608971363254535,0.3608971363254535,477869.0121382904,/wynton/group/sali/mhancock/xray/sample_bench/out/7mhf/184_w_xray_bench/N0_J6_W9/output_0/pdbs/37.pdb,
76,0.0,6.0,10.0,0.3568041441359045,0.3568041441359045,507178.1371421724,/wynton/group/sali/mhancock/xray/sample_bench/out/7mhf/184_w_xray_bench/N0_J6_W10/output_4/pdbs/41.pdb,
77,0.0,7.0,0.0,0.4358201558703578,0.4358201558703578,1892.1690223476448,/wynton/group/sali/mhancock/xray/sample_bench/out/7mhf/184_w_xray_bench/N0_J7_W0/output_4/pdbs/177.pdb,0.4464058590352154
78,0.0,7.0,1.0,0.351277152790434,0.351277152790434,1647.4563755089011,/wynton/group/sali/mhancock/xray/sample_bench/out/7mhf/184_w_xray_bench/N0_J7_W1/output_2/pdbs/135.pdb,0.3580722488185323
79,0.0,7.0,2.0,0.2939440635557755,0.2939440635557755,1655.685775212714,/wynton/group/sali/mhancock/xray/sample_bench/out/7mhf/184_w_xray_bench/N0_J7_W2/output_1/pdbs/255.pdb,0.2891834878695549
80,0.0,7.0,3.0,0.2875791163643855,0.2875791163643855,2663.946598247929,/wynton/group/sali/mhancock/xray/sample_bench/out/7mhf/184_w_xray_bench/N0_J7_W3/output_3/pdbs/274.pdb,0.2663043917060868
81,0.0,7.0,4.0,0.2795628608836256,0.2795628608836256,10200.050201905817,/wynton/group/sali/mhancock/xray/sample_bench/out/7mhf/184_w_xray_bench/N0_J7_W4/output_0/pdbs/99.pdb,0.2679421889949867
82,0.0,7.0,5.0,0.269644202015456,0.269644202015456,76462.43046931457,/wynton/group/sali/mhancock/xray/sample_bench/out/7mhf/184_w_xray_bench/N0_J7_W5/output_1/pdbs/80.pdb,0.2773165304270877
83,0.0,7.0,6.0,0.2707569887998303,0.2707569887998303,262886.39066748007,/wynton/group/sali/mhancock/xray/sample_bench/out/7mhf/184_w_xray_bench/N0_J7_W6/output_3/pdbs/38.pdb,0.3192684017355855
84,0.0,7.0,7.0,0.2734104836257609,0.2734104836257609,400239.9254858944,/wynton/group/sali/mhancock/xray/sample_bench/out/7mhf/184_w_xray_bench/N0_J7_W7/output_3/pdbs/41.pdb,0.331435006567122
85,0.0,7.0,8.0,0.2690157818807057,0.2690157818807057,490007.6456102536,/wynton/group/sali/mhancock/xray/sample_bench/out/7mhf/184_w_xray_bench/N0_J7_W8/output_2/pdbs/55.pdb,0.3326439471231202
86,0.0,7.0,9.0,0.2671058106206023,0.2671058106206023,1559637.587200785,/wynton/group/sali/mhancock/xray/sample_bench/out/7mhf/184_w_xray_bench/N0_J7_W9/output_3/pdbs/76.pdb,0.3406261113445409
87,0.0,7.0,10.0,0.265149679726934,0.265149679726934,509941.81278164376,/wynton/group/sali/mhancock/xray/sample_bench/out/7mhf/184_w_xray_bench/N0_J7_W10/output_0/pdbs/67.pdb,0.3386050464648669
88,0.0,8.0,0.0,0.4708752476508928,0.4708752476508928,1816.737919120064,/wynton/group/sali/mhancock/xray/sample_bench/out/7mhf/184_w_xray_bench/N0_J8_W0/output_0/pdbs/12.pdb,
89,0.0,8.0,1.0,0.4364697513643107,0.4364697513643107,1821.48093290909,/wynton/group/sali/mhancock/xray/sample_bench/out/7mhf/184_w_xray_bench/N0_J8_W1/output_4/pdbs/78.pdb,
90,0.0,8.0,2.0,0.3548581229828599,0.3548581229828599,1618.30244528017,/wynton/group/sali/mhancock/xray/sample_bench/out/7mhf/184_w_xray_bench/N0_J8_W2/output_3/pdbs/209.pdb,
91,0.0,8.0,3.0,0.2901011499786931,0.2901011499786931,1716.7844795892147,/wynton/group/sali/mhancock/xray/sample_bench/out/7mhf/184_w_xray_bench/N0_J8_W3/output_4/pdbs/269.pdb,
92,0.0,8.0,4.0,0.2982702222855701,0.2982702222855701,2848.6819061569718,/wynton/group/sali/mhancock/xray/sample_bench/out/7mhf/184_w_xray_bench/N0_J8_W4/output_1/pdbs/203.pdb,
93,0.0,8.0,5.0,0.3049166604563191,0.3049166604563191,16478.183601931294,/wynton/group/sali/mhancock/xray/sample_bench/out/7mhf/184_w_xray_bench/N0_J8_W5/output_4/pdbs/127.pdb,
94,0.0,8.0,6.0,0.3153291923961529,0.3153291923961529,119231.11490210514,/wynton/group/sali/mhancock/xray/sample_bench/out/7mhf/184_w_xray_bench/N0_J8_W6/output_3/pdbs/65.pdb,
95,0.0,8.0,7.0,0.3221154702965371,0.3221154702965371,200148.1682756405,/wynton/group/sali/mhancock/xray/sample_bench/out/7mhf/184_w_xray_bench/N0_J8_W7/output_0/pdbs/29.pdb,
96,0.0,8.0,8.0,0.3264923334695108,0.3264923334695108,306461.64015432954,/wynton/group/sali/mhancock/xray/sample_bench/out/7mhf/184_w_xray_bench/N0_J8_W8/output_3/pdbs/43.pdb,
97,0.0,8.0,9.0,0.3323941939060625,0.3323941939060625,346681.2461134177,/wynton/group/sali/mhancock/xray/sample_bench/out/7mhf/184_w_xray_bench/N0_J8_W9/output_4/pdbs/48.pdb,
98,0.0,8.0,10.0,0.338512076650416,0.338512076650416,385371.4410462509,/wynton/group/sali/mhancock/xray/sample_bench/out/7mhf/184_w_xray_bench/N0_J8_W10/output_1/pdbs/52.pdb,
99,0.0,9.0,0.0,0.4302608283437533,0.4302608283437533,1710.123339443444,/wynton/group/sali/mhancock/xray/sample_bench/out/7mhf/184_w_xray_bench/N0_J9_W0/output_2/pdbs/39.pdb,0.4367704304314067
100,0.0,9.0,1.0,0.3419430566963487,0.3419430566963487,1585.8051405891233,/wynton/group/sali/mhancock/xray/sample_bench/out/7mhf/184_w_xray_bench/N0_J9_W1/output_2/pdbs/214.pdb,0.3593458702148243
101,0.0,9.0,2.0,0.2789478975598875,0.2789478975598875,1689.6076389035295,/wynton/group/sali/mhancock/xray/sample_bench/out/7mhf/184_w_xray_bench/N0_J9_W2/output_4/pdbs/292.pdb,0.2940729957717083
102,0.0,9.0,3.0,0.2833489273593509,0.2833489273593509,2642.274756261347,/wynton/group/sali/mhancock/xray/sample_bench/out/7mhf/184_w_xray_bench/N0_J9_W3/output_2/pdbs/255.pdb,0.2919741720765835
103,0.0,9.0,4.0,0.282253207271107,0.282253207271107,9235.834566334805,/wynton/group/sali/mhancock/xray/sample_bench/out/7mhf/184_w_xray_bench/N0_J9_W4/output_3/pdbs/258.pdb,0.287882998976079
104,0.0,9.0,5.0,0.2710839478777214,0.2710839478777214,70538.7790536767,/wynton/group/sali/mhancock/xray/sample_bench/out/7mhf/184_w_xray_bench/N0_J9_W5/output_2/pdbs/50.pdb,0.2851634014238245
105,0.0,9.0,6.0,0.2659803590135874,0.2659803590135874,234864.8564331601,/wynton/group/sali/mhancock/xray/sample_bench/out/7mhf/184_w_xray_bench/N0_J9_W6/output_1/pdbs/37.pdb,0.3251487485678735
106,0.0,9.0,7.0,0.2691406547329298,0.2691406547329298,380721.65026472585,/wynton/group/sali/mhancock/xray/sample_bench/out/7mhf/184_w_xray_bench/N0_J9_W7/output_2/pdbs/46.pdb,0.3476068337903121
107,0.0,9.0,8.0,0.2608407212229823,0.2608407212229823,873041.5801039159,/wynton/group/sali/mhancock/xray/sample_bench/out/7mhf/184_w_xray_bench/N0_J9_W8/output_0/pdbs/103.pdb,0.3412728646208074
108,0.0,9.0,9.0,0.2523461975185874,0.2523461975185874,2640700.285267716,/wynton/group/sali/mhancock/xray/sample_bench/out/7mhf/184_w_xray_bench/N0_J9_W9/output_4/pdbs/129.pdb,0.3507536207733767
109,0.0,9.0,10.0,0.2562649729802536,0.2562649729802536,90430921.54267824,/wynton/group/sali/mhancock/xray/sample_bench/out/7mhf/184_w_xray_bench/N0_J9_W10/output_2/pdbs/70.pdb,0.3491096069973101
110,0.0,10.0,0.0,0.4695263114349811,0.4695263114349811,1917.444710535767,/wynton/group/sali/mhancock/xray/sample_bench/out/7mhf/184_w_xray_bench/N0_J10_W0/output_0/pdbs/19.pdb,
111,0.0,10.0,1.0,0.4444797811251866,0.4444797811251866,1850.7322116515484,/wynton/group/sali/mhancock/xray/sample_bench/out/7mhf/184_w_xray_bench/N0_J10_W1/output_2/pdbs/25.pdb,
112,0.0,10.0,2.0,0.3360436463255479,0.3360436463255479,1548.352735808611,/wynton/group/sali/mhancock/xray/sample_bench/out/7mhf/184_w_xray_bench/N0_J10_W2/output_0/pdbs/286.pdb,
113,0.0,10.0,3.0,0.2615928738000387,0.2615928738000387,1589.1092642694134,/wynton/group/sali/mhancock/xray/sample_bench/out/7mhf/184_w_xray_bench/N0_J10_W3/output_1/pdbs/275.pdb,
114,0.0,10.0,4.0,0.2680944023281567,0.2680944023281567,2836.624334650391,/wynton/group/sali/mhancock/xray/sample_bench/out/7mhf/184_w_xray_bench/N0_J10_W4/output_0/pdbs/224.pdb,
115,0.0,10.0,5.0,0.2620830731001169,0.2620830731001169,15536.676170409932,/wynton/group/sali/mhancock/xray/sample_bench/out/7mhf/184_w_xray_bench/N0_J10_W5/output_0/pdbs/242.pdb,
116,0.0,10.0,6.0,0.2942044026845865,0.2942044026845865,102006.48845171882,/wynton/group/sali/mhancock/xray/sample_bench/out/7mhf/184_w_xray_bench/N0_J10_W6/output_1/pdbs/56.pdb,
117,0.0,10.0,7.0,0.3128956879933729,0.3128956879933729,199781.8750400037,/wynton/group/sali/mhancock/xray/sample_bench/out/7mhf/184_w_xray_bench/N0_J10_W7/output_0/pdbs/145.pdb,
118,0.0,10.0,8.0,0.3256709084926762,0.3256709084926762,301014.170318627,/wynton/group/sali/mhancock/xray/sample_bench/out/7mhf/184_w_xray_bench/N0_J10_W8/output_4/pdbs/33.pdb,
119,0.0,10.0,9.0,0.3270875304038094,0.3270875304038094,388684.1427478405,/wynton/group/sali/mhancock/xray/sample_bench/out/7mhf/184_w_xray_bench/N0_J10_W9/output_2/pdbs/48.pdb,
120,0.0,10.0,10.0,0.325343634336596,0.325343634336596,416023.1784848255,/wynton/group/sali/mhancock/xray/sample_bench/out/7mhf/184_w_xray_bench/N0_J10_W10/output_3/pdbs/43.pdb,
121,0.0,11.0,0.0,0.440317165150167,0.440317165150167,1830.247143774514,/wynton/group/sali/mhancock/xray/sample_bench/out/7mhf/184_w_xray_bench/N0_J11_W0/output_3/pdbs/21.pdb,0.4467199493664956
122,0.0,11.0,1.0,0.3318681959522123,0.3318681959522123,1582.010333161175,/wynton/group/sali/mhancock/xray/sample_bench/out/7mhf/184_w_xray_bench/N0_J11_W1/output_3/pdbs/213.pdb,0.33912198192395
123,0.0,11.0,2.0,0.2673183655911341,0.2673183655911341,1672.1233375460354,/wynton/group/sali/mhancock/xray/sample_bench/out/7mhf/184_w_xray_bench/N0_J11_W2/output_4/pdbs/296.pdb,0.2763148630135318
124,0.0,11.0,3.0,0.2641169592740188,0.2641169592740188,2728.148203053714,/wynton/group/sali/mhancock/xray/sample_bench/out/7mhf/184_w_xray_bench/N0_J11_W3/output_1/pdbs/250.pdb,0.2687726687913499
125,0.0,11.0,4.0,0.2725985241984761,0.2725985241984761,9838.677575300895,/wynton/group/sali/mhancock/xray/sample_bench/out/7mhf/184_w_xray_bench/N0_J11_W4/output_1/pdbs/137.pdb,0.2742814268807766
126,0.0,11.0,5.0,0.2549033792389832,0.2549033792389832,77066.2590833741,/wynton/group/sali/mhancock/xray/sample_bench/out/7mhf/184_w_xray_bench/N0_J11_W5/output_1/pdbs/96.pdb,0.2659975504233909
127,0.0,11.0,6.0,0.2633106897249335,0.2633106897249335,214375.11352153617,/wynton/group/sali/mhancock/xray/sample_bench/out/7mhf/184_w_xray_bench/N0_J11_W6/output_0/pdbs/38.pdb,0.3032636032199127
128,0.0,11.0,7.0,0.2581505336346509,0.2581505336346509,384636.72654810455,/wynton/group/sali/mhancock/xray/sample_bench/out/7mhf/184_w_xray_bench/N0_J11_W7/output_2/pdbs/55.pdb,0.3168726923817569
129,0.0,11.0,8.0,0.2467409470741521,0.2467409470741521,851489.7036533249,/wynton/group/sali/mhancock/xray/sample_bench/out/7mhf/184_w_xray_bench/N0_J11_W8/output_0/pdbs/70.pdb,0.307707535819118
130,0.0,11.0,9.0,0.2494504966724239,0.2494504966724239,2052012.22526818,/wynton/group/sali/mhancock/xray/sample_bench/out/7mhf/184_w_xray_bench/N0_J11_W9/output_1/pdbs/100.pdb,0.3069022735579562
131,0.0,11.0,10.0,0.2516810835542823,0.2516810835542823,1161701.4277360577,/wynton/group/sali/mhancock/xray/sample_bench/out/7mhf/184_w_xray_bench/N0_J11_W10/output_2/pdbs/68.pdb,0.32125741652972
132,0.0,12.0,0.0,0.4426051624009893,0.4426051624009893,1931.8361808958628,/wynton/group/sali/mhancock/xray/sample_bench/out/7mhf/184_w_xray_bench/N0_J12_W0/output_0/pdbs/23.pdb,
133,0.0,12.0,1.0,0.4254227349558809,0.4254227349558809,1706.532991376539,/wynton/group/sali/mhancock/xray/sample_bench/out/7mhf/184_w_xray_bench/N0_J12_W1/output_2/pdbs/190.pdb,
134,0.0,12.0,2.0,0.3587265601516267,0.3587265601516267,1607.3160014521643,/wynton/group/sali/mhancock/xray/sample_bench/out/7mhf/184_w_xray_bench/N0_J12_W2/output_0/pdbs/244.pdb,
135,0.0,12.0,3.0,0.3046192778264922,0.3046192778264922,1661.97104418534,/wynton/group/sali/mhancock/xray/sample_bench/out/7mhf/184_w_xray_bench/N0_J12_W3/output_4/pdbs/253.pdb,
136,0.0,12.0,4.0,0.2971213784882712,0.2971213784882712,2631.0567677480185,/wynton/group/sali/mhancock/xray/sample_bench/out/7mhf/184_w_xray_bench/N0_J12_W4/output_2/pdbs/282.pdb,
137,0.0,12.0,5.0,0.288395047038668,0.288395047038668,18174.170880790996,/wynton/group/sali/mhancock/xray/sample_bench/out/7mhf/184_w_xray_bench/N0_J12_W5/output_3/pdbs/35.pdb,
138,0.0,12.0,6.0,0.3177905364107873,0.3177905364107873,162242.5015943266,/wynton/group/sali/mhancock/xray/sample_bench/out/7mhf/184_w_xray_bench/N0_J12_W6/output_2/pdbs/53.pdb,
139,0.0,12.0,7.0,0.3323821607580467,0.3323821607580467,275310.29214470787,/wynton/group/sali/mhancock/xray/sample_bench/out/7mhf/184_w_xray_bench/N0_J12_W7/output_4/pdbs/37.pdb,
140,0.0,12.0,8.0,0.3322921716709803,0.3322921716709803,362746.8675271655,/wynton/group/sali/mhancock/xray/sample_bench/out/7mhf/184_w_xray_bench/N0_J12_W8/output_1/pdbs/42.pdb,
141,0.0,12.0,9.0,0.3342773459558237,0.3342773459558237,456396.45782775513,/wynton/group/sali/mhancock/xray/sample_bench/out/7mhf/184_w_xray_bench/N0_J12_W9/output_4/pdbs/49.pdb,
142,0.0,12.0,10.0,0.3375762520754344,0.3375762520754344,452832.7386591833,/wynton/group/sali/mhancock/xray/sample_bench/out/7mhf/184_w_xray_bench/N0_J12_W10/output_1/pdbs/60.pdb,
143,0.0,13.0,0.0,0.424052433765995,0.424052433765995,1748.564935367394,/wynton/group/sali/mhancock/xray/sample_bench/out/7mhf/184_w_xray_bench/N0_J13_W0/output_1/pdbs/21.pdb,0.4369109753429344
144,0.0,13.0,1.0,0.3538605142728698,0.3538605142728698,1576.83543097009,/wynton/group/sali/mhancock/xray/sample_bench/out/7mhf/184_w_xray_bench/N0_J13_W1/output_2/pdbs/163.pdb,0.3649653465862567
145,0.0,13.0,2.0,0.2952982213522778,0.2952982213522778,1621.540623920482,/wynton/group/sali/mhancock/xray/sample_bench/out/7mhf/184_w_xray_bench/N0_J13_W2/output_1/pdbs/267.pdb,0.3020087307441422
146,0.0,13.0,3.0,0.28861806071898,0.28861806071898,2524.8420651792244,/wynton/group/sali/mhancock/xray/sample_bench/out/7mhf/184_w_xray_bench/N0_J13_W3/output_0/pdbs/274.pdb,0.2893051638196139
147,0.0,13.0,4.0,0.283971383665538,0.283971383665538,9296.09332387549,/wynton/group/sali/mhancock/xray/sample_bench/out/7mhf/184_w_xray_bench/N0_J13_W4/output_3/pdbs/136.pdb,0.2934536816980759
148,0.0,13.0,5.0,0.2663792462506754,0.2663792462506754,100867.76842912544,/wynton/group/sali/mhancock/xray/sample_bench/out/7mhf/184_w_xray_bench/N0_J13_W5/output_3/pdbs/90.pdb,0.2841103359373417
149,0.0,13.0,6.0,0.2588487557794472,0.2588487557794472,290747.620538266,/wynton/group/sali/mhancock/xray/sample_bench/out/7mhf/184_w_xray_bench/N0_J13_W6/output_2/pdbs/28.pdb,0.3255811629871248
150,0.0,13.0,7.0,0.2546458581600976,0.2546458581600976,426333.4309450412,/wynton/group/sali/mhancock/xray/sample_bench/out/7mhf/184_w_xray_bench/N0_J13_W7/output_3/pdbs/73.pdb,0.3426029103530206
151,0.0,13.0,8.0,0.2583947333245303,0.2583947333245303,531930.5606356557,/wynton/group/sali/mhancock/xray/sample_bench/out/7mhf/184_w_xray_bench/N0_J13_W8/output_1/pdbs/47.pdb,0.3517337802035093
152,0.0,13.0,9.0,0.2606128121839503,0.2606128121839503,751368.3979559569,/wynton/group/sali/mhancock/xray/sample_bench/out/7mhf/184_w_xray_bench/N0_J13_W9/output_1/pdbs/53.pdb,0.3466850779222082
153,0.0,13.0,10.0,0.2594457078500952,0.2594457078500952,1719659.232788446,/wynton/group/sali/mhancock/xray/sample_bench/out/7mhf/184_w_xray_bench/N0_J13_W10/output_3/pdbs/55.pdb,0.3525486517187517
154,0.0,14.0,0.0,0.4663973807333946,0.4663973807333946,1902.2648176122889,/wynton/group/sali/mhancock/xray/sample_bench/out/7mhf/184_w_xray_bench/N0_J14_W0/output_2/pdbs/25.pdb,
155,0.0,14.0,1.0,0.436105747253152,0.436105747253152,1827.7431502302863,/wynton/group/sali/mhancock/xray/sample_bench/out/7mhf/184_w_xray_bench/N0_J14_W1/output_2/pdbs/120.pdb,
156,0.0,14.0,2.0,0.3509576468534592,0.3509576468534592,1591.5011097068898,/wynton/group/sali/mhancock/xray/sample_bench/out/7mhf/184_w_xray_bench/N0_J14_W2/output_0/pdbs/283.pdb,
157,0.0,14.0,3.0,0.2903266232570673,0.2903266232570673,1655.1677195606944,/wynton/group/sali/mhancock/xray/sample_bench/out/7mhf/184_w_xray_bench/N0_J14_W3/output_1/pdbs/296.pdb,
158,0.0,14.0,4.0,0.2918223023583744,0.2918223023583744,2699.0371586442097,/wynton/group/sali/mhancock/xray/sample_bench/out/7mhf/184_w_xray_bench/N0_J14_W4/output_2/pdbs/275.pdb,
159,0.0,14.0,5.0,0.2838488663144687,0.2838488663144687,16449.30954188111,/wynton/group/sali/mhancock/xray/sample_bench/out/7mhf/184_w_xray_bench/N0_J14_W5/output_4/pdbs/69.pdb,
160,0.0,14.0,6.0,0.2816669691361004,0.2816669691361004,105203.48562567792,/wynton/group/sali/mhancock/xray/sample_bench/out/7mhf/184_w_xray_bench/N0_J14_W6/output_3/pdbs/285.pdb,
161,0.0,14.0,7.0,0.3021164581778192,0.3021164581778192,200113.5868343365,/wynton/group/sali/mhancock/xray/sample_bench/out/7mhf/184_w_xray_bench/N0_J14_W7/output_4/pdbs/41.pdb,
162,0.0,14.0,8.0,0.3111230816614481,0.3111230816614481,286838.4526823599,/wynton/group/sali/mhancock/xray/sample_bench/out/7mhf/184_w_xray_bench/N0_J14_W8/output_2/pdbs/34.pdb,
163,0.0,14.0,9.0,0.3218820165856758,0.3218820165856758,384069.2246058407,/wynton/group/sali/mhancock/xray/sample_bench/out/7mhf/184_w_xray_bench/N0_J14_W9/output_4/pdbs/36.pdb,
164,0.0,14.0,10.0,0.3294486413935231,0.3294486413935231,391806.5345526275,/wynton/group/sali/mhancock/xray/sample_bench/out/7mhf/184_w_xray_bench/N0_J14_W10/output_3/pdbs/39.pdb,
165,0.0,15.0,0.0,0.4239124602344208,0.4239124602344208,1833.8203600486772,/wynton/group/sali/mhancock/xray/sample_bench/out/7mhf/184_w_xray_bench/N0_J15_W0/output_4/pdbs/30.pdb,0.4450454771417015
166,0.0,15.0,1.0,0.3502411569829833,0.3502411569829833,1645.279764117442,/wynton/group/sali/mhancock/xray/sample_bench/out/7mhf/184_w_xray_bench/N0_J15_W1/output_3/pdbs/108.pdb,0.366289796246851
167,0.0,15.0,2.0,0.2804150036286113,0.2804150036286113,1648.3844724311089,/wynton/group/sali/mhancock/xray/sample_bench/out/7mhf/184_w_xray_bench/N0_J15_W2/output_0/pdbs/247.pdb,0.3027719478868969
168,0.0,15.0,3.0,0.2830898615452682,0.2830898615452682,2627.327394032097,/wynton/group/sali/mhancock/xray/sample_bench/out/7mhf/184_w_xray_bench/N0_J15_W3/output_1/pdbs/237.pdb,0.3060682859258331
169,0.0,15.0,4.0,0.2650266171721621,0.2650266171721621,9536.911880844316,/wynton/group/sali/mhancock/xray/sample_bench/out/7mhf/184_w_xray_bench/N0_J15_W4/output_4/pdbs/201.pdb,0.2848162999346806
170,0.0,15.0,5.0,0.247431988317971,0.247431988317971,82471.2016390684,/wynton/group/sali/mhancock/xray/sample_bench/out/7mhf/184_w_xray_bench/N0_J15_W5/output_2/pdbs/186.pdb,0.281675208463303
171,0.0,15.0,6.0,0.2565504924541356,0.2565504924541356,255714.12296724183,/wynton/group/sali/mhancock/xray/sample_bench/out/7mhf/184_w_xray_bench/N0_J15_W6/output_1/pdbs/34.pdb,0.3208166787805642
172,0.0,15.0,7.0,0.2510725218254341,0.2510725218254341,349814.4659853254,/wynton/group/sali/mhancock/xray/sample_bench/out/7mhf/184_w_xray_bench/N0_J15_W7/output_3/pdbs/33.pdb,0.3311003312355675
173,0.0,15.0,8.0,0.2546159446096308,0.2546159446096308,438133.479013704,/wynton/group/sali/mhancock/xray/sample_bench/out/7mhf/184_w_xray_bench/N0_J15_W8/output_0/pdbs/54.pdb,0.34078595972822
174,0.0,15.0,9.0,0.2519505289413672,0.2519505289413672,568200.3181259817,/wynton/group/sali/mhancock/xray/sample_bench/out/7mhf/184_w_xray_bench/N0_J15_W9/output_0/pdbs/79.pdb,0.3417310180927446
175,0.0,15.0,10.0,0.253753823284062,0.253753823284062,913038.751867275,/wynton/group/sali/mhancock/xray/sample_bench/out/7mhf/184_w_xray_bench/N0_J15_W10/output_0/pdbs/85.pdb,0.3337128577658485
176,0.0,16.0,0.0,0.4656410704447012,0.4656410704447012,1973.01434313839,/wynton/group/sali/mhancock/xray/sample_bench/out/7mhf/184_w_xray_bench/N0_J16_W0/output_2/pdbs/21.pdb,
177,0.0,16.0,1.0,0.4416776823303728,0.4416776823303728,1835.0956810686764,/wynton/group/sali/mhancock/xray/sample_bench/out/7mhf/184_w_xray_bench/N0_J16_W1/output_1/pdbs/231.pdb,
178,0.0,16.0,2.0,0.3585038456417661,0.3585038456417661,1600.783102407537,/wynton/group/sali/mhancock/xray/sample_bench/out/7mhf/184_w_xray_bench/N0_J16_W2/output_2/pdbs/224.pdb,
179,0.0,16.0,3.0,0.3000636426143977,0.3000636426143977,1682.6844807202374,/wynton/group/sali/mhancock/xray/sample_bench/out/7mhf/184_w_xray_bench/N0_J16_W3/output_3/pdbs/245.pdb,
180,0.0,16.0,4.0,0.2977097695637059,0.2977097695637059,2681.994466198513,/wynton/group/sali/mhancock/xray/sample_bench/out/7mhf/184_w_xray_bench/N0_J16_W4/output_3/pdbs/282.pdb,
181,0.0,16.0,5.0,0.2889441475956454,0.2889441475956454,16145.849300292208,/wynton/group/sali/mhancock/xray/sample_bench/out/7mhf/184_w_xray_bench/N0_J16_W5/output_3/pdbs/250.pdb,
182,0.0,16.0,6.0,0.3279863486453135,0.3279863486453135,141936.71479696294,/wynton/group/sali/mhancock/xray/sample_bench/out/7mhf/184_w_xray_bench/N0_J16_W6/output_0/pdbs/176.pdb,
183,0.0,16.0,7.0,0.3475681725480586,0.3475681725480586,240334.10677959284,/wynton/group/sali/mhancock/xray/sample_bench/out/7mhf/184_w_xray_bench/N0_J16_W7/output_4/pdbs/33.pdb,
184,0.0,16.0,8.0,0.3526613196551166,0.3526613196551166,340169.36588126904,/wynton/group/sali/mhancock/xray/sample_bench/out/7mhf/184_w_xray_bench/N0_J16_W8/output_1/pdbs/42.pdb,
185,0.0,16.0,9.0,0.3570386847950613,0.3570386847950613,415902.4020983583,/wynton/group/sali/mhancock/xray/sample_bench/out/7mhf/184_w_xray_bench/N0_J16_W9/output_1/pdbs/36.pdb,
186,0.0,16.0,10.0,0.3625753758335528,0.3625753758335528,490552.2794550476,/wynton/group/sali/mhancock/xray/sample_bench/out/7mhf/184_w_xray_bench/N0_J16_W10/output_2/pdbs/54.pdb,
187,0.0,17.0,0.0,0.4266639576261905,0.4266639576261905,1744.9079537662894,/wynton/group/sali/mhancock/xray/sample_bench/out/7mhf/184_w_xray_bench/N0_J17_W0/output_4/pdbs/27.pdb,0.4461636238859309
188,0.0,17.0,1.0,0.3389955155354047,0.3389955155354047,1603.0398119516078,/wynton/group/sali/mhancock/xray/sample_bench/out/7mhf/184_w_xray_bench/N0_J17_W1/output_0/pdbs/231.pdb,0.3545675124431262
189,0.0,17.0,2.0,0.2923384388837303,0.2923384388837303,1694.8986953693743,/wynton/group/sali/mhancock/xray/sample_bench/out/7mhf/184_w_xray_bench/N0_J17_W2/output_4/pdbs/222.pdb,0.2968559698401266
190,0.0,17.0,3.0,0.2873564241296151,0.2873564241296151,2563.357310116045,/wynton/group/sali/mhancock/xray/sample_bench/out/7mhf/184_w_xray_bench/N0_J17_W3/output_2/pdbs/200.pdb,0.2920963846532003
191,0.0,17.0,4.0,0.2835685148266589,0.2835685148266589,9239.645792421788,/wynton/group/sali/mhancock/xray/sample_bench/out/7mhf/184_w_xray_bench/N0_J17_W4/output_3/pdbs/197.pdb,0.2768689519404703
192,0.0,17.0,5.0,0.263344270935025,0.263344270935025,78126.46049555899,/wynton/group/sali/mhancock/xray/sample_bench/out/7mhf/184_w_xray_bench/N0_J17_W5/output_3/pdbs/134.pdb,0.2742193764672521
193,0.0,17.0,6.0,0.2664713914704474,0.2664713914704474,228186.95398985688,/wynton/group/sali/mhancock/xray/sample_bench/out/7mhf/184_w_xray_bench/N0_J17_W6/output_4/pdbs/29.pdb,0.315305194818593
194,0.0,17.0,7.0,0.2699092763765104,0.2699092763765104,366928.6952416005,/wynton/group/sali/mhancock/xray/sample_bench/out/7mhf/184_w_xray_bench/N0_J17_W7/output_0/pdbs/32.pdb,0.3389832323579761
195,0.0,17.0,8.0,0.2556970905048767,0.2556970905048767,519881.9360918354,/wynton/group/sali/mhancock/xray/sample_bench/out/7mhf/184_w_xray_bench/N0_J17_W8/output_0/pdbs/82.pdb,0.3261794524971541
196,0.0,17.0,9.0,0.2540159454919412,0.2540159454919412,547386.409549007,/wynton/group/sali/mhancock/xray/sample_bench/out/7mhf/184_w_xray_bench/N0_J17_W9/output_2/pdbs/73.pdb,0.3250330309098947
197,0.0,17.0,10.0,0.2598024948838648,0.2598024948838648,619384.4011708172,/wynton/group/sali/mhancock/xray/sample_bench/out/7mhf/184_w_xray_bench/N0_J17_W10/output_2/pdbs/110.pdb,0.332988177274317
198,0.0,18.0,0.0,0.4732848715462516,0.4732848715462516,1885.9114713420863,/wynton/group/sali/mhancock/xray/sample_bench/out/7mhf/184_w_xray_bench/N0_J18_W0/output_1/pdbs/31.pdb,
199,0.0,18.0,1.0,0.4387024033878776,0.4387024033878776,1795.854387906303,/wynton/group/sali/mhancock/xray/sample_bench/out/7mhf/184_w_xray_bench/N0_J18_W1/output_1/pdbs/116.pdb,
200,0.0,18.0,2.0,0.3383565930850478,0.3383565930850478,1603.8819344979825,/wynton/group/sali/mhancock/xray/sample_bench/out/7mhf/184_w_xray_bench/N0_J18_W2/output_0/pdbs/210.pdb,
201,0.0,18.0,3.0,0.2544995573184231,0.2544995573184231,1681.9841938853335,/wynton/group/sali/mhancock/xray/sample_bench/out/7mhf/184_w_xray_bench/N0_J18_W3/output_4/pdbs/297.pdb,
202,0.0,18.0,4.0,0.2686935873556516,0.2686935873556516,2957.886640616597,/wynton/group/sali/mhancock/xray/sample_bench/out/7mhf/184_w_xray_bench/N0_J18_W4/output_2/pdbs/263.pdb,
203,0.0,18.0,5.0,0.2719673809210952,0.2719673809210952,16627.633193120782,/wynton/group/sali/mhancock/xray/sample_bench/out/7mhf/184_w_xray_bench/N0_J18_W5/output_0/pdbs/120.pdb,
204,0.0,18.0,6.0,0.2876461118569168,0.2876461118569168,106791.1024003122,/wynton/group/sali/mhancock/xray/sample_bench/out/7mhf/184_w_xray_bench/N0_J18_W6/output_4/pdbs/252.pdb,
205,0.0,18.0,7.0,0.3159150304753326,0.3159150304753326,222966.03823354127,/wynton/group/sali/mhancock/xray/sample_bench/out/7mhf/184_w_xray_bench/N0_J18_W7/output_0/pdbs/41.pdb,
206,0.0,18.0,8.0,0.3167293929900182,0.3167293929900182,345229.3343885729,/wynton/group/sali/mhancock/xray/sample_bench/out/7mhf/184_w_xray_bench/N0_J18_W8/output_1/pdbs/36.pdb,
207,0.0,18.0,9.0,0.3306213474123192,0.3306213474123192,392749.8842470718,/wynton/group/sali/mhancock/xray/sample_bench/out/7mhf/184_w_xray_bench/N0_J18_W9/output_4/pdbs/42.pdb,
208,0.0,18.0,10.0,0.3257536785281235,0.3257536785281235,451018.9945227821,/wynton/group/sali/mhancock/xray/sample_bench/out/7mhf/184_w_xray_bench/N0_J18_W10/output_2/pdbs/64.pdb,
209,0.0,19.0,0.0,0.435480370448555,0.435480370448555,1722.3315474247877,/wynton/group/sali/mhancock/xray/sample_bench/out/7mhf/184_w_xray_bench/N0_J19_W0/output_3/pdbs/107.pdb,0.440471577819318
210,0.0,19.0,1.0,0.3340288443999064,0.3340288443999064,1571.5903415687658,/wynton/group/sali/mhancock/xray/sample_bench/out/7mhf/184_w_xray_bench/N0_J19_W1/output_0/pdbs/278.pdb,0.3442147082056097
211,0.0,19.0,2.0,0.2506342208660081,0.2506342208660081,1696.330220069888,/wynton/group/sali/mhancock/xray/sample_bench/out/7mhf/184_w_xray_bench/N0_J19_W2/output_4/pdbs/300.pdb,0.2580366271053768
212,0.0,19.0,3.0,0.2669616293219873,0.2669616293219873,2965.903914190323,/wynton/group/sali/mhancock/xray/sample_bench/out/7mhf/184_w_xray_bench/N0_J19_W3/output_3/pdbs/125.pdb,0.2728680244183167
213,0.0,19.0,4.0,0.2760993480132566,0.2760993480132566,9761.383376719088,/wynton/group/sali/mhancock/xray/sample_bench/out/7mhf/184_w_xray_bench/N0_J19_W4/output_2/pdbs/202.pdb,0.2771309989621951
214,0.0,19.0,5.0,0.2625999669536153,0.2625999669536153,85963.53318109969,/wynton/group/sali/mhancock/xray/sample_bench/out/7mhf/184_w_xray_bench/N0_J19_W5/output_4/pdbs/57.pdb,0.2802020993668781
215,0.0,19.0,6.0,0.2673850614742855,0.2673850614742855,252465.6869645283,/wynton/group/sali/mhancock/xray/sample_bench/out/7mhf/184_w_xray_bench/N0_J19_W6/output_1/pdbs/33.pdb,0.3239393463559888
216,0.0,19.0,7.0,0.2622268084082529,0.2622268084082529,389408.4540543919,/wynton/group/sali/mhancock/xray/sample_bench/out/7mhf/184_w_xray_bench/N0_J19_W7/output_4/pdbs/50.pdb,0.3260645517525518
217,0.0,19.0,8.0,0.2559272252183716,0.2559272252183716,514272.8615052004,/wynton/group/sali/mhancock/xray/sample_bench/out/7mhf/184_w_xray_bench/N0_J19_W8/output_2/pdbs/93.pdb,0.3278592940744118
218,0.0,19.0,9.0,0.2548590299651456,0.2548590299651456,998227.0321168718,/wynton/group/sali/mhancock/xray/sample_bench/out/7mhf/184_w_xray_bench/N0_J19_W9/output_0/pdbs/66.pdb,0.3332365509169146
219,0.0,19.0,10.0,0.2559422348730702,0.2559422348730702,62926428.127858266,/wynton/group/sali/mhancock/xray/sample_bench/out/7mhf/184_w_xray_bench/N0_J19_W10/output_3/pdbs/83.pdb,0.338684852404906
220,1.0,0.0,0.0,0.452595606308466,0.452595606308466,8834.147623380868,/wynton/group/sali/mhancock/xray/sample_bench/out/7mhf/184_w_xray_bench/N1_J0_W0/output_0/pdbs/22.pdb,
221,1.0,0.0,1.0,0.4072676471034316,0.4072676471034316,8711.552875849611,/wynton/group/sali/mhancock/xray/sample_bench/out/7mhf/184_w_xray_bench/N1_J0_W1/output_1/pdbs/288.pdb,
222,1.0,0.0,2.0,0.3049988917863215,0.3049988917863215,8419.17731939825,/wynton/group/sali/mhancock/xray/sample_bench/out/7mhf/184_w_xray_bench/N1_J0_W2/output_0/pdbs/219.pdb,
223,1.0,0.0,3.0,0.282116434944586,0.282116434944586,8200.59102585609,/wynton/group/sali/mhancock/xray/sample_bench/out/7mhf/184_w_xray_bench/N1_J0_W3/output_1/pdbs/286.pdb,
224,1.0,0.0,4.0,0.2445284318803707,0.2445284318803707,8364.31472105609,/wynton/group/sali/mhancock/xray/sample_bench/out/7mhf/184_w_xray_bench/N1_J0_W4/output_1/pdbs/288.pdb,
225,1.0,0.0,5.0,0.2411574328934186,0.2411574328934186,31042.322507861827,/wynton/group/sali/mhancock/xray/sample_bench/out/7mhf/184_w_xray_bench/N1_J0_W5/output_2/pdbs/236.pdb,
226,1.0,0.0,6.0,0.2535114302759907,0.2535114302759907,335303.2910309377,/wynton/group/sali/mhancock/xray/sample_bench/out/7mhf/184_w_xray_bench/N1_J0_W6/output_0/pdbs/123.pdb,
227,1.0,0.0,7.0,0.2705649104752913,0.2705649104752913,637627.6116171208,/wynton/group/sali/mhancock/xray/sample_bench/out/7mhf/184_w_xray_bench/N1_J0_W7/output_4/pdbs/130.pdb,
228,1.0,0.0,8.0,0.279220130473266,0.279220130473266,869714.0346709639,/wynton/group/sali/mhancock/xray/sample_bench/out/7mhf/184_w_xray_bench/N1_J0_W8/output_1/pdbs/76.pdb,
229,1.0,0.0,9.0,0.2817309914614108,0.2817309914614108,1045725.7756005656,/wynton/group/sali/mhancock/xray/sample_bench/out/7mhf/184_w_xray_bench/N1_J0_W9/output_1/pdbs/120.pdb,
230,1.0,0.0,10.0,0.2895039758420776,0.2895039758420776,1248506.7388634696,/wynton/group/sali/mhancock/xray/sample_bench/out/7mhf/184_w_xray_bench/N1_J0_W10/output_1/pdbs/83.pdb,
231,1.0,1.0,0.0,0.4064273540209833,0.4064273540209833,8865.20723487876,/wynton/group/sali/mhancock/xray/sample_bench/out/7mhf/184_w_xray_bench/N1_J1_W0/output_1/pdbs/193.pdb,0.4312528454607617
232,1.0,1.0,1.0,0.3028321314846403,0.3028321314846403,8292.815875895285,/wynton/group/sali/mhancock/xray/sample_bench/out/7mhf/184_w_xray_bench/N1_J1_W1/output_1/pdbs/191.pdb,0.3199234473508384
233,1.0,1.0,2.0,0.2871250345646087,0.2871250345646087,8131.186308238415,/wynton/group/sali/mhancock/xray/sample_bench/out/7mhf/184_w_xray_bench/N1_J1_W2/output_3/pdbs/96.pdb,0.2934628499183002
234,1.0,1.0,3.0,0.2311508011525849,0.2311508011525849,9920.13691016642,/wynton/group/sali/mhancock/xray/sample_bench/out/7mhf/184_w_xray_bench/N1_J1_W3/output_2/pdbs/213.pdb,0.2380713870809874
235,1.0,1.0,4.0,0.2256862381057435,0.2256862381057435,27068.16893161896,/wynton/group/sali/mhancock/xray/sample_bench/out/7mhf/184_w_xray_bench/N1_J1_W4/output_4/pdbs/218.pdb,0.2330675855701292
236,1.0,1.0,5.0,0.1986318899396936,0.1986318899396936,212659.29453077936,/wynton/group/sali/mhancock/xray/sample_bench/out/7mhf/184_w_xray_bench/N1_J1_W5/output_3/pdbs/99.pdb,0.2234143253120884
237,1.0,1.0,6.0,0.2039868349855658,0.2039868349855658,714568.6727400216,/wynton/group/sali/mhancock/xray/sample_bench/out/7mhf/184_w_xray_bench/N1_J1_W6/output_1/pdbs/150.pdb,0.2721561701001048
238,1.0,1.0,7.0,0.2020141745068853,0.2020141745068853,1245896.1097615256,/wynton/group/sali/mhancock/xray/sample_bench/out/7mhf/184_w_xray_bench/N1_J1_W7/output_1/pdbs/105.pdb,0.2832950236492894
239,1.0,1.0,8.0,0.1957334984742524,0.1957334984742524,1417172.5431190764,/wynton/group/sali/mhancock/xray/sample_bench/out/7mhf/184_w_xray_bench/N1_J1_W8/output_2/pdbs/89.pdb,0.286416089404401
240,1.0,1.0,9.0,0.196000441860085,0.196000441860085,2218829.51518838,/wynton/group/sali/mhancock/xray/sample_bench/out/7mhf/184_w_xray_bench/N1_J1_W9/output_4/pdbs/131.pdb,0.2832637173443881
241,1.0,1.0,10.0,0.1949210437125152,0.1949210437125152,324222051.3541249,/wynton/group/sali/mhancock/xray/sample_bench/out/7mhf/184_w_xray_bench/N1_J1_W10/output_1/pdbs/231.pdb,0.2904446304972747
242,1.0,2.0,0.0,0.4792441266429241,0.4792441266429241,8517.571525276146,/wynton/group/sali/mhancock/xray/sample_bench/out/7mhf/184_w_xray_bench/N1_J2_W0/output_4/pdbs/14.pdb,
243,1.0,2.0,1.0,0.3643182829658885,0.3643182829658885,8777.544935329692,/wynton/group/sali/mhancock/xray/sample_bench/out/7mhf/184_w_xray_bench/N1_J2_W1/output_0/pdbs/243.pdb,
244,1.0,2.0,2.0,0.2187652800740917,0.2187652800740917,7946.460856761418,/wynton/group/sali/mhancock/xray/sample_bench/out/7mhf/184_w_xray_bench/N1_J2_W2/output_4/pdbs/241.pdb,
245,1.0,2.0,3.0,0.1830366883377207,0.1830366883377207,8027.775978214593,/wynton/group/sali/mhancock/xray/sample_bench/out/7mhf/184_w_xray_bench/N1_J2_W3/output_1/pdbs/261.pdb,
246,1.0,2.0,4.0,0.1839020549254538,0.1839020549254538,8746.098676325804,/wynton/group/sali/mhancock/xray/sample_bench/out/7mhf/184_w_xray_bench/N1_J2_W4/output_0/pdbs/243.pdb,
247,1.0,2.0,5.0,0.2178847424130658,0.2178847424130658,15870.428643205489,/wynton/group/sali/mhancock/xray/sample_bench/out/7mhf/184_w_xray_bench/N1_J2_W5/output_3/pdbs/223.pdb,
248,1.0,2.0,6.0,0.2225956622963369,0.2225956622963369,263673.6915930913,/wynton/group/sali/mhancock/xray/sample_bench/out/7mhf/184_w_xray_bench/N1_J2_W6/output_0/pdbs/285.pdb,
249,1.0,2.0,7.0,0.2438629161874889,0.2438629161874889,521688.83819546,/wynton/group/sali/mhancock/xray/sample_bench/out/7mhf/184_w_xray_bench/N1_J2_W7/output_1/pdbs/250.pdb,
250,1.0,2.0,8.0,0.2580719853963357,0.2580719853963357,782390.2252212572,/wynton/group/sali/mhancock/xray/sample_bench/out/7mhf/184_w_xray_bench/N1_J2_W8/output_2/pdbs/100.pdb,
251,1.0,2.0,9.0,0.2564904806335293,0.2564904806335293,1002734.7387455424,/wynton/group/sali/mhancock/xray/sample_bench/out/7mhf/184_w_xray_bench/N1_J2_W9/output_1/pdbs/250.pdb,
252,1.0,2.0,10.0,0.2589158105700961,0.2589158105700961,1149907.978491736,/wynton/group/sali/mhancock/xray/sample_bench/out/7mhf/184_w_xray_bench/N1_J2_W10/output_0/pdbs/248.pdb,
253,1.0,3.0,0.0,0.4369665248088191,0.4369665248088191,8849.391959385937,/wynton/group/sali/mhancock/xray/sample_bench/out/7mhf/184_w_xray_bench/N1_J3_W0/output_1/pdbs/216.pdb,0.440889315982079
254,1.0,3.0,1.0,0.342100903663706,0.342100903663706,8490.617079941369,/wynton/group/sali/mhancock/xray/sample_bench/out/7mhf/184_w_xray_bench/N1_J3_W1/output_3/pdbs/213.pdb,0.3948209281283254
255,1.0,3.0,2.0,0.21356059960217,0.21356059960217,7190.524419351817,/wynton/group/sali/mhancock/xray/sample_bench/out/7mhf/184_w_xray_bench/N1_J3_W2/output_3/pdbs/238.pdb,0.3557630993294479
256,1.0,3.0,3.0,0.2191409209174787,0.2191409209174787,7491.7569548368765,/wynton/group/sali/mhancock/xray/sample_bench/out/7mhf/184_w_xray_bench/N1_J3_W3/output_0/pdbs/168.pdb,0.3164672718994719
257,1.0,3.0,4.0,0.2413931565416358,0.2413931565416358,21363.31952541171,/wynton/group/sali/mhancock/xray/sample_bench/out/7mhf/184_w_xray_bench/N1_J3_W4/output_4/pdbs/228.pdb,0.2510485297075205
258,1.0,3.0,5.0,0.2446196622482589,0.2446196622482589,89426.03027667796,/wynton/group/sali/mhancock/xray/sample_bench/out/7mhf/184_w_xray_bench/N1_J3_W5/output_0/pdbs/106.pdb,0.2433548498598647
259,1.0,3.0,6.0,0.3204349484332534,0.3204349484332534,388614.4852523893,/wynton/group/sali/mhancock/xray/sample_bench/out/7mhf/184_w_xray_bench/N1_J3_W6/output_4/pdbs/20.pdb,0.302322931828421
260,1.0,3.0,7.0,0.4191305731964222,0.4191305731964222,990647.613819192,/wynton/group/sali/mhancock/xray/sample_bench/out/7mhf/184_w_xray_bench/N1_J3_W7/output_2/pdbs/80.pdb,0.2807904007318487
261,1.0,3.0,8.0,0.414558893142226,0.414558893142226,1307521.1627251962,/wynton/group/sali/mhancock/xray/sample_bench/out/7mhf/184_w_xray_bench/N1_J3_W8/output_1/pdbs/30.pdb,0.289331474390945
262,1.0,3.0,9.0,0.4165697517541888,0.4165697517541888,2567081.193047112,/wynton/group/sali/mhancock/xray/sample_bench/out/7mhf/184_w_xray_bench/N1_J3_W9/output_3/pdbs/36.pdb,0.2866798907052292
263,1.0,3.0,10.0,0.416445357198325,0.416445357198325,2024547313.0039256,/wynton/group/sali/mhancock/xray/sample_bench/out/7mhf/184_w_xray_bench/N1_J3_W10/output_2/pdbs/140.pdb,0.2862927132339896
264,1.0,4.0,0.0,0.4642574089398225,0.4642574089398225,8929.92801050088,/wynton/group/sali/mhancock/xray/sample_bench/out/7mhf/184_w_xray_bench/N1_J4_W0/output_3/pdbs/25.pdb,
265,1.0,4.0,1.0,0.3928882375021965,0.3928882375021965,8570.609664082338,/wynton/group/sali/mhancock/xray/sample_bench/out/7mhf/184_w_xray_bench/N1_J4_W1/output_2/pdbs/234.pdb,
266,1.0,4.0,2.0,0.2890637414288784,0.2890637414288784,8364.27298186523,/wynton/group/sali/mhancock/xray/sample_bench/out/7mhf/184_w_xray_bench/N1_J4_W2/output_1/pdbs/241.pdb,
267,1.0,4.0,3.0,0.2726580793875762,0.2726580793875762,8264.32167946107,/wynton/group/sali/mhancock/xray/sample_bench/out/7mhf/184_w_xray_bench/N1_J4_W3/output_1/pdbs/274.pdb,
268,1.0,4.0,4.0,0.2330655206962391,0.2330655206962391,9244.68644772104,/wynton/group/sali/mhancock/xray/sample_bench/out/7mhf/184_w_xray_bench/N1_J4_W4/output_1/pdbs/300.pdb,
269,1.0,4.0,5.0,0.2445834062490537,0.2445834062490537,30831.661345272136,/wynton/group/sali/mhancock/xray/sample_bench/out/7mhf/184_w_xray_bench/N1_J4_W5/output_1/pdbs/296.pdb,
270,1.0,4.0,6.0,0.2534053354175367,0.2534053354175367,326888.9055024882,/wynton/group/sali/mhancock/xray/sample_bench/out/7mhf/184_w_xray_bench/N1_J4_W6/output_1/pdbs/181.pdb,
271,1.0,4.0,7.0,0.2727976040782673,0.2727976040782673,637809.8512441174,/wynton/group/sali/mhancock/xray/sample_bench/out/7mhf/184_w_xray_bench/N1_J4_W7/output_4/pdbs/130.pdb,
272,1.0,4.0,8.0,0.2765725747894355,0.2765725747894355,882484.9636792956,/wynton/group/sali/mhancock/xray/sample_bench/out/7mhf/184_w_xray_bench/N1_J4_W8/output_4/pdbs/167.pdb,
273,1.0,4.0,9.0,0.2771782327063302,0.2771782327063302,1095881.4907936282,/wynton/group/sali/mhancock/xray/sample_bench/out/7mhf/184_w_xray_bench/N1_J4_W9/output_0/pdbs/200.pdb,
274,1.0,4.0,10.0,0.2819803522453262,0.2819803522453262,1360476.3575866094,/wynton/group/sali/mhancock/xray/sample_bench/out/7mhf/184_w_xray_bench/N1_J4_W10/output_4/pdbs/127.pdb,
275,1.0,5.0,0.0,0.4113382330408304,0.4113382330408304,8886.615101783302,/wynton/group/sali/mhancock/xray/sample_bench/out/7mhf/184_w_xray_bench/N1_J5_W0/output_0/pdbs/165.pdb,0.3993103650117694
276,1.0,5.0,1.0,0.2830963776265615,0.2830963776265615,7946.817886991831,/wynton/group/sali/mhancock/xray/sample_bench/out/7mhf/184_w_xray_bench/N1_J5_W1/output_2/pdbs/221.pdb,0.283460545276078
277,1.0,5.0,2.0,0.2660071615154066,0.2660071615154066,7920.677527473728,/wynton/group/sali/mhancock/xray/sample_bench/out/7mhf/184_w_xray_bench/N1_J5_W2/output_2/pdbs/126.pdb,0.269384023035329
278,1.0,5.0,3.0,0.2316333280557184,0.2316333280557184,9647.467950924123,/wynton/group/sali/mhancock/xray/sample_bench/out/7mhf/184_w_xray_bench/N1_J5_W3/output_4/pdbs/156.pdb,0.2355996836443784
279,1.0,5.0,4.0,0.2288798722171748,0.2288798722171748,25189.06966221194,/wynton/group/sali/mhancock/xray/sample_bench/out/7mhf/184_w_xray_bench/N1_J5_W4/output_4/pdbs/121.pdb,0.2271904179053998
280,1.0,5.0,5.0,0.2059310721325932,0.2059310721325932,235898.6007265449,/wynton/group/sali/mhancock/xray/sample_bench/out/7mhf/184_w_xray_bench/N1_J5_W5/output_2/pdbs/159.pdb,0.2213833311329089
281,1.0,5.0,6.0,0.2124143358462917,0.2124143358462917,719302.892170774,/wynton/group/sali/mhancock/xray/sample_bench/out/7mhf/184_w_xray_bench/N1_J5_W6/output_0/pdbs/50.pdb,0.2630624199810424
282,1.0,5.0,7.0,0.2088754793498439,0.2088754793498439,1148726.7526898966,/wynton/group/sali/mhancock/xray/sample_bench/out/7mhf/184_w_xray_bench/N1_J5_W7/output_4/pdbs/150.pdb,0.2833972698439503
283,1.0,5.0,8.0,0.2054790917708038,0.2054790917708038,1508973.9068161007,/wynton/group/sali/mhancock/xray/sample_bench/out/7mhf/184_w_xray_bench/N1_J5_W8/output_2/pdbs/90.pdb,0.295104679021886
284,1.0,5.0,9.0,0.2008864334358523,0.2008864334358523,11841046.332866,/wynton/group/sali/mhancock/xray/sample_bench/out/7mhf/184_w_xray_bench/N1_J5_W9/output_4/pdbs/259.pdb,0.2938561213079411
285,1.0,5.0,10.0,0.2002627124278512,0.2002627124278512,175064320.11611313,/wynton/group/sali/mhancock/xray/sample_bench/out/7mhf/184_w_xray_bench/N1_J5_W10/output_1/pdbs/131.pdb,0.2916594801767334
286,1.0,6.0,0.0,0.4658217176576887,0.4658217176576887,8993.946629987287,/wynton/group/sali/mhancock/xray/sample_bench/out/7mhf/184_w_xray_bench/N1_J6_W0/output_3/pdbs/45.pdb,
287,1.0,6.0,1.0,0.3918472552406869,0.3918472552406869,8673.03015049335,/wynton/group/sali/mhancock/xray/sample_bench/out/7mhf/184_w_xray_bench/N1_J6_W1/output_1/pdbs/170.pdb,
288,1.0,6.0,2.0,0.2736343720452196,0.2736343720452196,8285.86367438274,/wynton/group/sali/mhancock/xray/sample_bench/out/7mhf/184_w_xray_bench/N1_J6_W2/output_1/pdbs/227.pdb,
289,1.0,6.0,3.0,0.2582407884941086,0.2582407884941086,8164.647727914215,/wynton/group/sali/mhancock/xray/sample_bench/out/7mhf/184_w_xray_bench/N1_J6_W3/output_0/pdbs/271.pdb,
290,1.0,6.0,4.0,0.2363699454489039,0.2363699454489039,7904.1084065042,/wynton/group/sali/mhancock/xray/sample_bench/out/7mhf/184_w_xray_bench/N1_J6_W4/output_3/pdbs/296.pdb,
291,1.0,6.0,5.0,0.2523053565001934,0.2523053565001934,32260.43990479341,/wynton/group/sali/mhancock/xray/sample_bench/out/7mhf/184_w_xray_bench/N1_J6_W5/output_4/pdbs/292.pdb,
292,1.0,6.0,6.0,0.2775285720146248,0.2775285720146248,398388.2438477165,/wynton/group/sali/mhancock/xray/sample_bench/out/7mhf/184_w_xray_bench/N1_J6_W6/output_4/pdbs/106.pdb,
293,1.0,6.0,7.0,0.2928743383851151,0.2928743383851151,722362.494991224,/wynton/group/sali/mhancock/xray/sample_bench/out/7mhf/184_w_xray_bench/N1_J6_W7/output_0/pdbs/89.pdb,
294,1.0,6.0,8.0,0.2908807341618736,0.2908807341618736,1021725.1296153254,/wynton/group/sali/mhancock/xray/sample_bench/out/7mhf/184_w_xray_bench/N1_J6_W8/output_0/pdbs/72.pdb,
295,1.0,6.0,9.0,0.2954660347189712,0.2954660347189712,1113747.3618276615,/wynton/group/sali/mhancock/xray/sample_bench/out/7mhf/184_w_xray_bench/N1_J6_W9/output_0/pdbs/51.pdb,
296,1.0,6.0,10.0,0.2872632851007414,0.2872632851007414,1323392.008232049,/wynton/group/sali/mhancock/xray/sample_bench/out/7mhf/184_w_xray_bench/N1_J6_W10/output_2/pdbs/105.pdb,
297,1.0,7.0,0.0,0.3914159878350264,0.3914159878350264,8931.68607181445,/wynton/group/sali/mhancock/xray/sample_bench/out/7mhf/184_w_xray_bench/N1_J7_W0/output_3/pdbs/245.pdb,0.3873695406369393
298,1.0,7.0,1.0,0.2746180366387735,0.2746180366387735,8055.205958362112,/wynton/group/sali/mhancock/xray/sample_bench/out/7mhf/184_w_xray_bench/N1_J7_W1/output_3/pdbs/171.pdb,0.2651254238861636
299,1.0,7.0,2.0,0.2453930145089741,0.2453930145089741,7625.979117579086,/wynton/group/sali/mhancock/xray/sample_bench/out/7mhf/184_w_xray_bench/N1_J7_W2/output_1/pdbs/157.pdb,0.2334486570935141
300,1.0,7.0,3.0,0.219699843441943,0.219699843441943,7657.92051233305,/wynton/group/sali/mhancock/xray/sample_bench/out/7mhf/184_w_xray_bench/N1_J7_W3/output_4/pdbs/202.pdb,0.209769975497166
301,1.0,7.0,4.0,0.232806681290062,0.232806681290062,24560.53352780486,/wynton/group/sali/mhancock/xray/sample_bench/out/7mhf/184_w_xray_bench/N1_J7_W4/output_0/pdbs/229.pdb,0.2275533958809512
302,1.0,7.0,5.0,0.2157896024831257,0.2157896024831257,175611.00531277602,/wynton/group/sali/mhancock/xray/sample_bench/out/7mhf/184_w_xray_bench/N1_J7_W5/output_4/pdbs/147.pdb,0.2256940829744959
303,1.0,7.0,6.0,0.2167188489683296,0.2167188489683296,689713.6143711898,/wynton/group/sali/mhancock/xray/sample_bench/out/7mhf/184_w_xray_bench/N1_J7_W6/output_3/pdbs/210.pdb,0.2621456306588824
304,1.0,7.0,7.0,0.2151192323566587,0.2151192323566587,1268353.4656424297,/wynton/group/sali/mhancock/xray/sample_bench/out/7mhf/184_w_xray_bench/N1_J7_W7/output_0/pdbs/220.pdb,0.274841004887874
305,1.0,7.0,8.0,0.2067345614923275,0.2067345614923275,1413289.3196527658,/wynton/group/sali/mhancock/xray/sample_bench/out/7mhf/184_w_xray_bench/N1_J7_W8/output_4/pdbs/220.pdb,0.2728282754442883
306,1.0,7.0,9.0,0.2079237543555692,0.2079237543555692,9229698.85409066,/wynton/group/sali/mhancock/xray/sample_bench/out/7mhf/184_w_xray_bench/N1_J7_W9/output_1/pdbs/126.pdb,0.2799621561048351
307,1.0,7.0,10.0,0.206077328808942,0.206077328808942,15307539.870046789,/wynton/group/sali/mhancock/xray/sample_bench/out/7mhf/184_w_xray_bench/N1_J7_W10/output_4/pdbs/129.pdb,0.2823102688560227
308,1.0,8.0,0.0,0.4718282281091723,0.4718282281091723,8592.724641826766,/wynton/group/sali/mhancock/xray/sample_bench/out/7mhf/184_w_xray_bench/N1_J8_W0/output_2/pdbs/14.pdb,
309,1.0,8.0,1.0,0.3920889426860373,0.3920889426860373,8769.443398952171,/wynton/group/sali/mhancock/xray/sample_bench/out/7mhf/184_w_xray_bench/N1_J8_W1/output_4/pdbs/273.pdb,
310,1.0,8.0,2.0,0.2564691724917318,0.2564691724917318,8136.565317747661,/wynton/group/sali/mhancock/xray/sample_bench/out/7mhf/184_w_xray_bench/N1_J8_W2/output_3/pdbs/294.pdb,
311,1.0,8.0,3.0,0.238941378369105,0.238941378369105,7987.917610874745,/wynton/group/sali/mhancock/xray/sample_bench/out/7mhf/184_w_xray_bench/N1_J8_W3/output_4/pdbs/258.pdb,
312,1.0,8.0,4.0,0.2251133126596992,0.2251133126596992,7248.633507716322,/wynton/group/sali/mhancock/xray/sample_bench/out/7mhf/184_w_xray_bench/N1_J8_W4/output_0/pdbs/292.pdb,
313,1.0,8.0,5.0,0.2573181081979387,0.2573181081979387,25377.71113253141,/wynton/group/sali/mhancock/xray/sample_bench/out/7mhf/184_w_xray_bench/N1_J8_W5/output_4/pdbs/188.pdb,
314,1.0,8.0,6.0,0.2558241411148945,0.2558241411148945,325340.8296491665,/wynton/group/sali/mhancock/xray/sample_bench/out/7mhf/184_w_xray_bench/N1_J8_W6/output_0/pdbs/296.pdb,
315,1.0,8.0,7.0,0.276329875150419,0.276329875150419,591539.1230058018,/wynton/group/sali/mhancock/xray/sample_bench/out/7mhf/184_w_xray_bench/N1_J8_W7/output_0/pdbs/210.pdb,
316,1.0,8.0,8.0,0.270036516936059,0.270036516936059,826003.1751872068,/wynton/group/sali/mhancock/xray/sample_bench/out/7mhf/184_w_xray_bench/N1_J8_W8/output_2/pdbs/250.pdb,
317,1.0,8.0,9.0,0.2814581591276222,0.2814581591276222,883002.5736090129,/wynton/group/sali/mhancock/xray/sample_bench/out/7mhf/184_w_xray_bench/N1_J8_W9/output_0/pdbs/120.pdb,
318,1.0,8.0,10.0,0.2810975782668332,0.2810975782668332,1165574.4928211807,/wynton/group/sali/mhancock/xray/sample_bench/out/7mhf/184_w_xray_bench/N1_J8_W10/output_0/pdbs/80.pdb,
319,1.0,9.0,0.0,0.3907117679311633,0.3907117679311633,8739.983369100335,/wynton/group/sali/mhancock/xray/sample_bench/out/7mhf/184_w_xray_bench/N1_J9_W0/output_3/pdbs/194.pdb,0.395869474548955
320,1.0,9.0,1.0,0.2593713974125539,0.2593713974125539,8113.934950718732,/wynton/group/sali/mhancock/xray/sample_bench/out/7mhf/184_w_xray_bench/N1_J9_W1/output_3/pdbs/124.pdb,0.276514647538002
321,1.0,9.0,2.0,0.2307547549391387,0.2307547549391387,8022.850999254089,/wynton/group/sali/mhancock/xray/sample_bench/out/7mhf/184_w_xray_bench/N1_J9_W2/output_1/pdbs/202.pdb,0.2463884445064517
322,1.0,9.0,3.0,0.2140868609269498,0.2140868609269498,7487.089815903605,/wynton/group/sali/mhancock/xray/sample_bench/out/7mhf/184_w_xray_bench/N1_J9_W3/output_3/pdbs/234.pdb,0.2258935793382757
323,1.0,9.0,4.0,0.2389273186688805,0.2389273186688805,22784.39524199621,/wynton/group/sali/mhancock/xray/sample_bench/out/7mhf/184_w_xray_bench/N1_J9_W4/output_2/pdbs/156.pdb,0.2432154427960181
324,1.0,9.0,5.0,0.2162500999013475,0.2162500999013475,186234.1546062561,/wynton/group/sali/mhancock/xray/sample_bench/out/7mhf/184_w_xray_bench/N1_J9_W5/output_3/pdbs/216.pdb,0.231268775446296
325,1.0,9.0,6.0,0.2035124854331135,0.2035124854331135,639379.5303949788,/wynton/group/sali/mhancock/xray/sample_bench/out/7mhf/184_w_xray_bench/N1_J9_W6/output_0/pdbs/50.pdb,0.2656486450786983
326,1.0,9.0,7.0,0.198575539749763,0.198575539749763,1040901.2558714576,/wynton/group/sali/mhancock/xray/sample_bench/out/7mhf/184_w_xray_bench/N1_J9_W7/output_2/pdbs/140.pdb,0.281013356820292
327,1.0,9.0,8.0,0.1905254244030674,0.1905254244030674,1335456.880856949,/wynton/group/sali/mhancock/xray/sample_bench/out/7mhf/184_w_xray_bench/N1_J9_W8/output_4/pdbs/99.pdb,0.2813401005224554
328,1.0,9.0,9.0,0.1916872247303199,0.1916872247303199,138873787.25081578,/wynton/group/sali/mhancock/xray/sample_bench/out/7mhf/184_w_xray_bench/N1_J9_W9/output_2/pdbs/213.pdb,0.2785553088767951
329,1.0,9.0,10.0,0.1857674301531763,0.1857674301531763,35473751436.744774,/wynton/group/sali/mhancock/xray/sample_bench/out/7mhf/184_w_xray_bench/N1_J9_W10/output_1/pdbs/195.pdb,0.2747711696331024
330,1.0,10.0,0.0,0.4749775265308104,0.4749775265308104,8745.768284037935,/wynton/group/sali/mhancock/xray/sample_bench/out/7mhf/184_w_xray_bench/N1_J10_W0/output_2/pdbs/18.pdb,
331,1.0,10.0,1.0,0.3649002690835433,0.3649002690835433,8501.356715474594,/wynton/group/sali/mhancock/xray/sample_bench/out/7mhf/184_w_xray_bench/N1_J10_W1/output_1/pdbs/282.pdb,
332,1.0,10.0,2.0,0.2103638527399141,0.2103638527399141,8127.345553771552,/wynton/group/sali/mhancock/xray/sample_bench/out/7mhf/184_w_xray_bench/N1_J10_W2/output_4/pdbs/248.pdb,
333,1.0,10.0,3.0,0.2080262682320201,0.2080262682320201,8166.367891448161,/wynton/group/sali/mhancock/xray/sample_bench/out/7mhf/184_w_xray_bench/N1_J10_W3/output_4/pdbs/288.pdb,
334,1.0,10.0,4.0,0.2094213448513812,0.2094213448513812,9085.446503982968,/wynton/group/sali/mhancock/xray/sample_bench/out/7mhf/184_w_xray_bench/N1_J10_W4/output_0/pdbs/149.pdb,
335,1.0,10.0,5.0,0.2367214650566583,0.2367214650566583,28295.226292202617,/wynton/group/sali/mhancock/xray/sample_bench/out/7mhf/184_w_xray_bench/N1_J10_W5/output_3/pdbs/267.pdb,
336,1.0,10.0,6.0,0.249343435108374,0.249343435108374,299387.36478499015,/wynton/group/sali/mhancock/xray/sample_bench/out/7mhf/184_w_xray_bench/N1_J10_W6/output_0/pdbs/68.pdb,
337,1.0,10.0,7.0,0.2668254704552741,0.2668254704552741,530079.1732789245,/wynton/group/sali/mhancock/xray/sample_bench/out/7mhf/184_w_xray_bench/N1_J10_W7/output_0/pdbs/66.pdb,
338,1.0,10.0,8.0,0.2731537101627941,0.2731537101627941,777250.6810796346,/wynton/group/sali/mhancock/xray/sample_bench/out/7mhf/184_w_xray_bench/N1_J10_W8/output_0/pdbs/104.pdb,
339,1.0,10.0,9.0,0.2718738809545328,0.2718738809545328,1021521.4022427668,/wynton/group/sali/mhancock/xray/sample_bench/out/7mhf/184_w_xray_bench/N1_J10_W9/output_4/pdbs/220.pdb,
340,1.0,10.0,10.0,0.2697088544109154,0.2697088544109154,1149063.9171404531,/wynton/group/sali/mhancock/xray/sample_bench/out/7mhf/184_w_xray_bench/N1_J10_W10/output_4/pdbs/84.pdb,
341,1.0,11.0,0.0,0.3822397886780927,0.3822397886780927,8675.880337022214,/wynton/group/sali/mhancock/xray/sample_bench/out/7mhf/184_w_xray_bench/N1_J11_W0/output_4/pdbs/182.pdb,0.3868274931337468
342,1.0,11.0,1.0,0.2345988091592937,0.2345988091592937,8150.339054306048,/wynton/group/sali/mhancock/xray/sample_bench/out/7mhf/184_w_xray_bench/N1_J11_W1/output_1/pdbs/203.pdb,0.2423756201029322
343,1.0,11.0,2.0,0.2127331237215109,0.2127331237215109,7806.552189772436,/wynton/group/sali/mhancock/xray/sample_bench/out/7mhf/184_w_xray_bench/N1_J11_W2/output_1/pdbs/175.pdb,0.2196822386112423
344,1.0,11.0,3.0,0.2070671058828835,0.2070671058828835,9002.581410151539,/wynton/group/sali/mhancock/xray/sample_bench/out/7mhf/184_w_xray_bench/N1_J11_W3/output_2/pdbs/212.pdb,0.2218968224618969
345,1.0,11.0,4.0,0.2321211564173707,0.2321211564173707,22045.395903417862,/wynton/group/sali/mhancock/xray/sample_bench/out/7mhf/184_w_xray_bench/N1_J11_W4/output_3/pdbs/201.pdb,0.2292312997223084
346,1.0,11.0,5.0,0.2055859890591654,0.2055859890591654,173277.3937002923,/wynton/group/sali/mhancock/xray/sample_bench/out/7mhf/184_w_xray_bench/N1_J11_W5/output_1/pdbs/200.pdb,0.2150134110996424
347,1.0,11.0,6.0,0.205112319831352,0.205112319831352,577218.587325812,/wynton/group/sali/mhancock/xray/sample_bench/out/7mhf/184_w_xray_bench/N1_J11_W6/output_3/pdbs/190.pdb,0.2543313795622692
348,1.0,11.0,7.0,0.1992069807277286,0.1992069807277286,996790.6093577616,/wynton/group/sali/mhancock/xray/sample_bench/out/7mhf/184_w_xray_bench/N1_J11_W7/output_1/pdbs/89.pdb,0.2660427340688034
349,1.0,11.0,8.0,0.1955305050763045,0.1955305050763045,1306972.424251382,/wynton/group/sali/mhancock/xray/sample_bench/out/7mhf/184_w_xray_bench/N1_J11_W8/output_1/pdbs/138.pdb,0.2655352427286002
350,1.0,11.0,9.0,0.1955056081092684,0.1955056081092684,7396170.799044155,/wynton/group/sali/mhancock/xray/sample_bench/out/7mhf/184_w_xray_bench/N1_J11_W9/output_0/pdbs/227.pdb,0.270721449735847
351,1.0,11.0,10.0,0.192067800679029,0.192067800679029,1488152580631.979,/wynton/group/sali/mhancock/xray/sample_bench/out/7mhf/184_w_xray_bench/N1_J11_W10/output_2/pdbs/130.pdb,0.2650063339504303
352,1.0,12.0,0.0,0.4544927480778996,0.4544927480778996,8744.702215544745,/wynton/group/sali/mhancock/xray/sample_bench/out/7mhf/184_w_xray_bench/N1_J12_W0/output_4/pdbs/23.pdb,
353,1.0,12.0,1.0,0.3931803985668552,0.3931803985668552,8803.764629291129,/wynton/group/sali/mhancock/xray/sample_bench/out/7mhf/184_w_xray_bench/N1_J12_W1/output_3/pdbs/244.pdb,
354,1.0,12.0,2.0,0.2913519201518361,0.2913519201518361,8199.840947318116,/wynton/group/sali/mhancock/xray/sample_bench/out/7mhf/184_w_xray_bench/N1_J12_W2/output_4/pdbs/288.pdb,
355,1.0,12.0,3.0,0.2725445520089218,0.2725445520089218,8381.91388743902,/wynton/group/sali/mhancock/xray/sample_bench/out/7mhf/184_w_xray_bench/N1_J12_W3/output_3/pdbs/230.pdb,
356,1.0,12.0,4.0,0.221814713885047,0.221814713885047,8398.426706974918,/wynton/group/sali/mhancock/xray/sample_bench/out/7mhf/184_w_xray_bench/N1_J12_W4/output_0/pdbs/245.pdb,
357,1.0,12.0,5.0,0.232402287377251,0.232402287377251,29438.12114077384,/wynton/group/sali/mhancock/xray/sample_bench/out/7mhf/184_w_xray_bench/N1_J12_W5/output_4/pdbs/274.pdb,
358,1.0,12.0,6.0,0.2456864186484154,0.2456864186484154,359054.56410177064,/wynton/group/sali/mhancock/xray/sample_bench/out/7mhf/184_w_xray_bench/N1_J12_W6/output_0/pdbs/131.pdb,
359,1.0,12.0,7.0,0.2622416107662948,0.2622416107662948,652393.310453705,/wynton/group/sali/mhancock/xray/sample_bench/out/7mhf/184_w_xray_bench/N1_J12_W7/output_1/pdbs/292.pdb,
360,1.0,12.0,8.0,0.266833266691497,0.266833266691497,912541.9646464898,/wynton/group/sali/mhancock/xray/sample_bench/out/7mhf/184_w_xray_bench/N1_J12_W8/output_0/pdbs/130.pdb,
361,1.0,12.0,9.0,0.2726571105286051,0.2726571105286051,984407.5565862368,/wynton/group/sali/mhancock/xray/sample_bench/out/7mhf/184_w_xray_bench/N1_J12_W9/output_4/pdbs/190.pdb,
362,1.0,12.0,10.0,0.2683860946948772,0.2683860946948772,1241934.7913168443,/wynton/group/sali/mhancock/xray/sample_bench/out/7mhf/184_w_xray_bench/N1_J12_W10/output_0/pdbs/160.pdb,
363,1.0,13.0,0.0,0.3943107950604259,0.3943107950604259,8736.87461901994,/wynton/group/sali/mhancock/xray/sample_bench/out/7mhf/184_w_xray_bench/N1_J13_W0/output_2/pdbs/163.pdb,0.4007124011730524
364,1.0,13.0,1.0,0.2927695893730271,0.2927695893730271,8112.52094452902,/wynton/group/sali/mhancock/xray/sample_bench/out/7mhf/184_w_xray_bench/N1_J13_W1/output_1/pdbs/146.pdb,0.3031166877334274
365,1.0,13.0,2.0,0.2564969397326666,0.2564969397326666,7520.708261997234,/wynton/group/sali/mhancock/xray/sample_bench/out/7mhf/184_w_xray_bench/N1_J13_W2/output_2/pdbs/179.pdb,0.2593636811861213
366,1.0,13.0,3.0,0.2144712296158466,0.2144712296158466,8987.57716336938,/wynton/group/sali/mhancock/xray/sample_bench/out/7mhf/184_w_xray_bench/N1_J13_W3/output_2/pdbs/251.pdb,0.2234588632859827
367,1.0,13.0,4.0,0.2221405440175148,0.2221405440175148,24011.3942984517,/wynton/group/sali/mhancock/xray/sample_bench/out/7mhf/184_w_xray_bench/N1_J13_W4/output_4/pdbs/204.pdb,0.232141437047789
368,1.0,13.0,5.0,0.1912074503020313,0.1912074503020313,213559.9528866246,/wynton/group/sali/mhancock/xray/sample_bench/out/7mhf/184_w_xray_bench/N1_J13_W5/output_2/pdbs/199.pdb,0.2091881998440708
369,1.0,13.0,6.0,0.18756151236522,0.18756151236522,701013.0363202128,/wynton/group/sali/mhancock/xray/sample_bench/out/7mhf/184_w_xray_bench/N1_J13_W6/output_0/pdbs/80.pdb,0.2591759897949127
370,1.0,13.0,7.0,0.1968728399885833,0.1968728399885833,1345508.849506292,/wynton/group/sali/mhancock/xray/sample_bench/out/7mhf/184_w_xray_bench/N1_J13_W7/output_3/pdbs/210.pdb,0.284389044575426
371,1.0,13.0,8.0,0.1845114243863353,0.1845114243863353,1326584.02900161,/wynton/group/sali/mhancock/xray/sample_bench/out/7mhf/184_w_xray_bench/N1_J13_W8/output_3/pdbs/160.pdb,0.2702867418936494
372,1.0,13.0,9.0,0.1838331650518395,0.1838331650518395,2639075.7018542667,/wynton/group/sali/mhancock/xray/sample_bench/out/7mhf/184_w_xray_bench/N1_J13_W9/output_2/pdbs/210.pdb,0.2757621646800838
373,1.0,13.0,10.0,0.1893604509746435,0.1893604509746435,58042496.05713353,/wynton/group/sali/mhancock/xray/sample_bench/out/7mhf/184_w_xray_bench/N1_J13_W10/output_2/pdbs/218.pdb,0.2882153681731333
374,1.0,14.0,0.0,0.4620076915736114,0.4620076915736114,8565.886942778248,/wynton/group/sali/mhancock/xray/sample_bench/out/7mhf/184_w_xray_bench/N1_J14_W0/output_1/pdbs/15.pdb,
375,1.0,14.0,1.0,0.3810452261224379,0.3810452261224379,8798.665152908909,/wynton/group/sali/mhancock/xray/sample_bench/out/7mhf/184_w_xray_bench/N1_J14_W1/output_0/pdbs/229.pdb,
376,1.0,14.0,2.0,0.2543266583364379,0.2543266583364379,7897.092450128573,/wynton/group/sali/mhancock/xray/sample_bench/out/7mhf/184_w_xray_bench/N1_J14_W2/output_1/pdbs/283.pdb,
377,1.0,14.0,3.0,0.2383976913352337,0.2383976913352337,8167.621162037935,/wynton/group/sali/mhancock/xray/sample_bench/out/7mhf/184_w_xray_bench/N1_J14_W3/output_3/pdbs/241.pdb,
378,1.0,14.0,4.0,0.226679128663939,0.226679128663939,7679.56488032209,/wynton/group/sali/mhancock/xray/sample_bench/out/7mhf/184_w_xray_bench/N1_J14_W4/output_2/pdbs/276.pdb,
379,1.0,14.0,5.0,0.2347388060022876,0.2347388060022876,24269.526947189508,/wynton/group/sali/mhancock/xray/sample_bench/out/7mhf/184_w_xray_bench/N1_J14_W5/output_0/pdbs/275.pdb,
380,1.0,14.0,6.0,0.2283633609845688,0.2283633609845688,319110.3563823431,/wynton/group/sali/mhancock/xray/sample_bench/out/7mhf/184_w_xray_bench/N1_J14_W6/output_0/pdbs/271.pdb,
381,1.0,14.0,7.0,0.2453268487596525,0.2453268487596525,599096.3401116938,/wynton/group/sali/mhancock/xray/sample_bench/out/7mhf/184_w_xray_bench/N1_J14_W7/output_3/pdbs/59.pdb,
382,1.0,14.0,8.0,0.2498480622175443,0.2498480622175443,821896.5187779714,/wynton/group/sali/mhancock/xray/sample_bench/out/7mhf/184_w_xray_bench/N1_J14_W8/output_4/pdbs/61.pdb,
383,1.0,14.0,9.0,0.2511241213452617,0.2511241213452617,1040723.431168726,/wynton/group/sali/mhancock/xray/sample_bench/out/7mhf/184_w_xray_bench/N1_J14_W9/output_2/pdbs/110.pdb,
384,1.0,14.0,10.0,0.2550209629618992,0.2550209629618992,1120468.875446363,/wynton/group/sali/mhancock/xray/sample_bench/out/7mhf/184_w_xray_bench/N1_J14_W10/output_2/pdbs/110.pdb,
385,1.0,15.0,0.0,0.3836694424355241,0.3836694424355241,8604.750937698784,/wynton/group/sali/mhancock/xray/sample_bench/out/7mhf/184_w_xray_bench/N1_J15_W0/output_4/pdbs/166.pdb,0.399459013818845
386,1.0,15.0,1.0,0.2617794189054193,0.2617794189054193,8000.176762304997,/wynton/group/sali/mhancock/xray/sample_bench/out/7mhf/184_w_xray_bench/N1_J15_W1/output_4/pdbs/181.pdb,0.2983019608126344
387,1.0,15.0,2.0,0.2362039857343844,0.2362039857343844,8170.704483660989,/wynton/group/sali/mhancock/xray/sample_bench/out/7mhf/184_w_xray_bench/N1_J15_W2/output_4/pdbs/188.pdb,0.2669094970044802
388,1.0,15.0,3.0,0.2266603475800058,0.2266603475800058,8408.012600785976,/wynton/group/sali/mhancock/xray/sample_bench/out/7mhf/184_w_xray_bench/N1_J15_W3/output_1/pdbs/100.pdb,0.2452698464925833
389,1.0,15.0,4.0,0.2211438037093319,0.2211438037093319,20346.08486261072,/wynton/group/sali/mhancock/xray/sample_bench/out/7mhf/184_w_xray_bench/N1_J15_W4/output_2/pdbs/233.pdb,0.2347998212649775
390,1.0,15.0,5.0,0.1869830284152738,0.1869830284152738,197642.61915061183,/wynton/group/sali/mhancock/xray/sample_bench/out/7mhf/184_w_xray_bench/N1_J15_W5/output_4/pdbs/122.pdb,0.2130373506506403
391,1.0,15.0,6.0,0.1867281981346329,0.1867281981346329,659699.2571389866,/wynton/group/sali/mhancock/xray/sample_bench/out/7mhf/184_w_xray_bench/N1_J15_W6/output_2/pdbs/130.pdb,0.2469015546374859
392,1.0,15.0,7.0,0.1893790817040553,0.1893790817040553,1313561.676141381,/wynton/group/sali/mhancock/xray/sample_bench/out/7mhf/184_w_xray_bench/N1_J15_W7/output_0/pdbs/89.pdb,0.2675190653651966
393,1.0,15.0,8.0,0.1895207877946689,0.1895207877946689,1575187.593168307,/wynton/group/sali/mhancock/xray/sample_bench/out/7mhf/184_w_xray_bench/N1_J15_W8/output_2/pdbs/224.pdb,0.2678932327645901
394,1.0,15.0,9.0,0.1856147547039605,0.1856147547039605,26560371.175116368,/wynton/group/sali/mhancock/xray/sample_bench/out/7mhf/184_w_xray_bench/N1_J15_W9/output_0/pdbs/237.pdb,0.2625248475645399
395,1.0,15.0,10.0,0.1897105232786483,0.1897105232786483,6070671.653398046,/wynton/group/sali/mhancock/xray/sample_bench/out/7mhf/184_w_xray_bench/N1_J15_W10/output_0/pdbs/72.pdb,0.2781684693849975
396,1.0,16.0,0.0,0.4693342200950345,0.4693342200950345,8779.38548618632,/wynton/group/sali/mhancock/xray/sample_bench/out/7mhf/184_w_xray_bench/N1_J16_W0/output_3/pdbs/22.pdb,
397,1.0,16.0,1.0,0.3871634989583339,0.3871634989583339,8639.771690100599,/wynton/group/sali/mhancock/xray/sample_bench/out/7mhf/184_w_xray_bench/N1_J16_W1/output_1/pdbs/206.pdb,
398,1.0,16.0,2.0,0.275464153404616,0.275464153404616,8205.509196658046,/wynton/group/sali/mhancock/xray/sample_bench/out/7mhf/184_w_xray_bench/N1_J16_W2/output_4/pdbs/295.pdb,
399,1.0,16.0,3.0,0.2549206467601028,0.2549206467601028,8306.114041998419,/wynton/group/sali/mhancock/xray/sample_bench/out/7mhf/184_w_xray_bench/N1_J16_W3/output_3/pdbs/293.pdb,
400,1.0,16.0,4.0,0.2295824123841744,0.2295824123841744,7741.587834868723,/wynton/group/sali/mhancock/xray/sample_bench/out/7mhf/184_w_xray_bench/N1_J16_W4/output_3/pdbs/268.pdb,
401,1.0,16.0,5.0,0.2492371488227834,0.2492371488227834,28649.669166886084,/wynton/group/sali/mhancock/xray/sample_bench/out/7mhf/184_w_xray_bench/N1_J16_W5/output_3/pdbs/244.pdb,
402,1.0,16.0,6.0,0.2545235404055153,0.2545235404055153,344579.7756406142,/wynton/group/sali/mhancock/xray/sample_bench/out/7mhf/184_w_xray_bench/N1_J16_W6/output_3/pdbs/154.pdb,
403,1.0,16.0,7.0,0.2657888670509789,0.2657888670509789,638656.0036582731,/wynton/group/sali/mhancock/xray/sample_bench/out/7mhf/184_w_xray_bench/N1_J16_W7/output_4/pdbs/120.pdb,
404,1.0,16.0,8.0,0.2821555114849704,0.2821555114849704,923719.5535030812,/wynton/group/sali/mhancock/xray/sample_bench/out/7mhf/184_w_xray_bench/N1_J16_W8/output_0/pdbs/283.pdb,
405,1.0,16.0,9.0,0.2866688417777235,0.2866688417777235,1056842.1587929348,/wynton/group/sali/mhancock/xray/sample_bench/out/7mhf/184_w_xray_bench/N1_J16_W9/output_1/pdbs/180.pdb,
406,1.0,16.0,10.0,0.2785285039488243,0.2785285039488243,1146785.6938818877,/wynton/group/sali/mhancock/xray/sample_bench/out/7mhf/184_w_xray_bench/N1_J16_W10/output_2/pdbs/240.pdb,
407,1.0,17.0,0.0,0.3986318661055723,0.3986318661055723,8769.22747091302,/wynton/group/sali/mhancock/xray/sample_bench/out/7mhf/184_w_xray_bench/N1_J17_W0/output_4/pdbs/230.pdb,0.408985213179697
408,1.0,17.0,1.0,0.263835579940651,0.263835579940651,8015.542322116388,/wynton/group/sali/mhancock/xray/sample_bench/out/7mhf/184_w_xray_bench/N1_J17_W1/output_0/pdbs/225.pdb,0.2635305813481035
409,1.0,17.0,2.0,0.2374297582406256,0.2374297582406256,7768.490617060384,/wynton/group/sali/mhancock/xray/sample_bench/out/7mhf/184_w_xray_bench/N1_J17_W2/output_0/pdbs/128.pdb,0.2388741762828755
410,1.0,17.0,3.0,0.2225311308361812,0.2225311308361812,8007.624704807706,/wynton/group/sali/mhancock/xray/sample_bench/out/7mhf/184_w_xray_bench/N1_J17_W3/output_0/pdbs/235.pdb,0.2289043233301009
411,1.0,17.0,4.0,0.2320250983468345,0.2320250983468345,24060.684142097944,/wynton/group/sali/mhancock/xray/sample_bench/out/7mhf/184_w_xray_bench/N1_J17_W4/output_4/pdbs/234.pdb,0.232101109525615
412,1.0,17.0,5.0,0.2049626852269203,0.2049626852269203,207985.955551803,/wynton/group/sali/mhancock/xray/sample_bench/out/7mhf/184_w_xray_bench/N1_J17_W5/output_0/pdbs/213.pdb,0.2215653614135897
413,1.0,17.0,6.0,0.1995996913046641,0.1995996913046641,616654.4547825974,/wynton/group/sali/mhancock/xray/sample_bench/out/7mhf/184_w_xray_bench/N1_J17_W6/output_4/pdbs/80.pdb,0.2520382445885534
414,1.0,17.0,7.0,0.1957392144719885,0.1957392144719885,1006704.6632132408,/wynton/group/sali/mhancock/xray/sample_bench/out/7mhf/184_w_xray_bench/N1_J17_W7/output_1/pdbs/150.pdb,0.2670037909068971
415,1.0,17.0,8.0,0.1905261274613684,0.1905261274613684,1383807.1764390692,/wynton/group/sali/mhancock/xray/sample_bench/out/7mhf/184_w_xray_bench/N1_J17_W8/output_2/pdbs/219.pdb,0.2665086719179635
416,1.0,17.0,9.0,0.1900905984406002,0.1900905984406002,11633729.60204407,/wynton/group/sali/mhancock/xray/sample_bench/out/7mhf/184_w_xray_bench/N1_J17_W9/output_2/pdbs/130.pdb,0.2720234479251807
417,1.0,17.0,10.0,0.186290356670793,0.186290356670793,2314069.162840636,/wynton/group/sali/mhancock/xray/sample_bench/out/7mhf/184_w_xray_bench/N1_J17_W10/output_3/pdbs/210.pdb,0.2670585898881287
418,1.0,18.0,0.0,0.4749576578417356,0.4749576578417356,9055.729127812698,/wynton/group/sali/mhancock/xray/sample_bench/out/7mhf/184_w_xray_bench/N1_J18_W0/output_1/pdbs/44.pdb,
419,1.0,18.0,1.0,0.3588330613586938,0.3588330613586938,8322.542684096949,/wynton/group/sali/mhancock/xray/sample_bench/out/7mhf/184_w_xray_bench/N1_J18_W1/output_1/pdbs/281.pdb,
420,1.0,18.0,2.0,0.2247335828237363,0.2247335828237363,8180.532423194424,/wynton/group/sali/mhancock/xray/sample_bench/out/7mhf/184_w_xray_bench/N1_J18_W2/output_0/pdbs/285.pdb,
421,1.0,18.0,3.0,0.2038718892952118,0.2038718892952118,7860.01718023904,/wynton/group/sali/mhancock/xray/sample_bench/out/7mhf/184_w_xray_bench/N1_J18_W3/output_4/pdbs/288.pdb,
422,1.0,18.0,4.0,0.2147983786359859,0.2147983786359859,9056.032225580464,/wynton/group/sali/mhancock/xray/sample_bench/out/7mhf/184_w_xray_bench/N1_J18_W4/output_0/pdbs/253.pdb,
423,1.0,18.0,5.0,0.2505258473687464,0.2505258473687464,27988.508253723045,/wynton/group/sali/mhancock/xray/sample_bench/out/7mhf/184_w_xray_bench/N1_J18_W5/output_0/pdbs/186.pdb,
424,1.0,18.0,6.0,0.2485491991022662,0.2485491991022662,314071.99885929347,/wynton/group/sali/mhancock/xray/sample_bench/out/7mhf/184_w_xray_bench/N1_J18_W6/output_1/pdbs/290.pdb,
425,1.0,18.0,7.0,0.2639780843296949,0.2639780843296949,585704.3343221409,/wynton/group/sali/mhancock/xray/sample_bench/out/7mhf/184_w_xray_bench/N1_J18_W7/output_0/pdbs/220.pdb,
426,1.0,18.0,8.0,0.2690325427133424,0.2690325427133424,892319.7912030678,/wynton/group/sali/mhancock/xray/sample_bench/out/7mhf/184_w_xray_bench/N1_J18_W8/output_0/pdbs/180.pdb,
427,1.0,18.0,9.0,0.2771398974909661,0.2771398974909661,1141278.1867211976,/wynton/group/sali/mhancock/xray/sample_bench/out/7mhf/184_w_xray_bench/N1_J18_W9/output_2/pdbs/296.pdb,
428,1.0,18.0,10.0,0.277076887501908,0.277076887501908,1379055.8554223725,/wynton/group/sali/mhancock/xray/sample_bench/out/7mhf/184_w_xray_bench/N1_J18_W10/output_4/pdbs/111.pdb,
429,1.0,19.0,0.0,0.3668749443622843,0.3668749443622843,8734.215336930589,/wynton/group/sali/mhancock/xray/sample_bench/out/7mhf/184_w_xray_bench/N1_J19_W0/output_0/pdbs/209.pdb,0.3774818082182011
430,1.0,19.0,1.0,0.2213468114559908,0.2213468114559908,7912.302876239707,/wynton/group/sali/mhancock/xray/sample_bench/out/7mhf/184_w_xray_bench/N1_J19_W1/output_2/pdbs/249.pdb,0.2265384415549295
431,1.0,19.0,2.0,0.2002065685347101,0.2002065685347101,8181.26733405321,/wynton/group/sali/mhancock/xray/sample_bench/out/7mhf/184_w_xray_bench/N1_J19_W2/output_1/pdbs/231.pdb,0.2125064294519369
432,1.0,19.0,3.0,0.2163309929013386,0.2163309929013386,9090.183692637242,/wynton/group/sali/mhancock/xray/sample_bench/out/7mhf/184_w_xray_bench/N1_J19_W3/output_4/pdbs/251.pdb,0.2202585801334732
433,1.0,19.0,4.0,0.2301980468394888,0.2301980468394888,24079.45899686616,/wynton/group/sali/mhancock/xray/sample_bench/out/7mhf/184_w_xray_bench/N1_J19_W4/output_4/pdbs/251.pdb,0.2378980194090263
434,1.0,19.0,5.0,0.2130010985776939,0.2130010985776939,221313.1188915104,/wynton/group/sali/mhancock/xray/sample_bench/out/7mhf/184_w_xray_bench/N1_J19_W5/output_4/pdbs/142.pdb,0.2298069770768513
435,1.0,19.0,6.0,0.2107807666126251,0.2107807666126251,689359.4536388072,/wynton/group/sali/mhancock/xray/sample_bench/out/7mhf/184_w_xray_bench/N1_J19_W6/output_2/pdbs/190.pdb,0.2682372367573644
436,1.0,19.0,7.0,0.2018429616563973,0.2018429616563973,1168673.4241071015,/wynton/group/sali/mhancock/xray/sample_bench/out/7mhf/184_w_xray_bench/N1_J19_W7/output_0/pdbs/130.pdb,0.2839859226392456
437,1.0,19.0,8.0,0.1968517496478878,0.1968517496478878,1399191.306905043,/wynton/group/sali/mhancock/xray/sample_bench/out/7mhf/184_w_xray_bench/N1_J19_W8/output_1/pdbs/79.pdb,0.2875362184996229
438,1.0,19.0,9.0,0.1959448232736451,0.1959448232736451,9449092.416782407,/wynton/group/sali/mhancock/xray/sample_bench/out/7mhf/184_w_xray_bench/N1_J19_W9/output_0/pdbs/67.pdb,0.2836235124919475
439,1.0,19.0,10.0,0.1921700018631987,0.1921700018631987,3143640445.448059,/wynton/group/sali/mhancock/xray/sample_bench/out/7mhf/184_w_xray_bench/N1_J19_W10/output_0/pdbs/125.pdb,0.2741066176577398
